brand,car_age,price
Ford,12,10299.999999999993
Hyundai,4,38005.000000000015
Lexus,3,54598.00000000002
INFINITI,10,15500.00000000001
Audi,4,34998.99999999997
Acura,9,14798.0
Audi,8,31000.000000000015
BMW,24,7299.999999999996
Lexus,4,41927.00000000001
Tesla,5,69949.99999999999
Land,4,73896.99999999994
Aston,6,184606.00000000012
Toyota,4,53500.000000000044
Lincoln,3,61999.99999999997
Jaguar,5,47998.0
Land,12,29990.000000000007
Mercedes-Benz,4,249999.9999999998
Dodge,12,16800.000000000004
Nissan,22,10999.999999999993
Jaguar,7,68750.00000000003
Genesis,2,60000.000000000015
Chevrolet,25,4499.999999999999
BMW,5,38597.99999999997
Ford,2,58504.00000000003
Chevrolet,4,60999.999999999956
Hyundai,3,32300.000000000004
Nissan,9,13997.999999999996
Mercedes-Benz,4,59995.00000000005
BMW,10,25700.00000000002
Audi,8,21375.0
Mercedes-Benz,7,48000.00000000003
Dodge,19,10900.000000000004
BMW,5,24997.999999999993
Kia,14,5998.999999999995
Lexus,9,46899.99999999996
Jeep,8,15900.000000000004
BMW,7,33598.0
Audi,13,8999.000000000004
Hyundai,18,8200.000000000007
BMW,11,20000.000000000015
Bentley,14,79949.99999999994
Honda,2,45498.00000000002
Dodge,18,13999.999999999995
BMW,6,75797.99999999996
Lucid,3,119999.00000000006
Audi,13,36880.000000000015
Chevrolet,4,43147.00000000004
MINI,8,28999.999999999996
Toyota,9,17500.000000000015
Porsche,8,30989.99999999997
Mercedes-Benz,8,52499.99999999997
Honda,9,20848.000000000015
Hummer,20,19500.0
Porsche,12,73000.00000000003
Mercedes-Benz,9,19800.00000000001
Chrysler,16,7500.0000000000055
Nissan,2,30999.000000000022
Audi,15,6500.000000000003
Ford,11,28500.0
Acura,15,10995.000000000007
Volvo,7,41999.99999999999
Audi,7,144900.00000000012
Mercedes-Benz,11,10000.00000000001
Toyota,4,23998.000000000015
Lexus,11,20999.99999999998
BMW,2,67899.99999999999
BMW,6,69997.99999999997
Cadillac,2,46899.99999999996
Lucid,3,99000.00000000004
Audi,6,31000.000000000015
Chrysler,19,19995.00000000001
Bentley,8,130000.00000000009
BMW,6,55999.00000000001
Toyota,2,49950.000000000015
Audi,6,59950.000000000015
Porsche,6,42498.99999999999
Lamborghini,2,359990.99999999994
Maserati,6,44998.999999999985
Jaguar,8,29999.99999999999
Lexus,20,11099.99999999999
Land,5,37998.0
Porsche,10,71999.99999999996
Genesis,4,53950.00000000003
Volkswagen,2,47998.99999999998
Hyundai,10,15900.000000000004
Audi,11,44999.999999999985
BMW,13,18500.0
Mercedes-Benz,5,80000.0
BMW,9,55000.00000000004
Subaru,21,2300.0000000000005
Hyundai,2,34000.0
Kia,3,31994.99999999999
Rivian,2,92000.00000000007
Aston,4,279950.0000000002
Mercedes-Benz,7,29899.999999999996
BMW,9,24949.999999999993
Jeep,5,39365.99999999998
Lexus,10,32899.999999999985
BMW,20,8900.000000000002
Toyota,22,4995.000000000001
Cadillac,2,104900.00000000007
GMC,13,7900.000000000007
Lexus,5,75950.00000000004
BMW,6,86000.00000000003
Lexus,12,17994.999999999996
Cadillac,3,55655.00000000002
BMW,5,39997.99999999999
Chevrolet,11,14500.000000000004
Jeep,3,47500.000000000015
BMW,11,26999.999999999978
Land,9,17999.999999999993
Cadillac,6,28900.0
BMW,4,73997.99999999996
Bentley,20,47349.99999999997
Lincoln,5,47698.00000000001
Mercedes-Benz,9,36499.99999999998
RAM,4,32661.999999999978
Ford,12,6599.999999999996
Audi,14,9995.00000000001
Nissan,15,69499.99999999996
Land,7,30774.999999999993
Toyota,15,9995.00000000001
Rivian,2,93999.99999999997
Mercedes-Benz,3,44798.000000000015
Porsche,9,22999.999999999993
Chevrolet,14,22494.999999999993
INFINITI,9,28998.000000000004
Audi,5,49998.0
Audi,10,9995.00000000001
Lucid,2,86899.99999999997
Chrysler,8,9000.0
Audi,13,25998.999999999985
BMW,10,29999.99999999999
Subaru,4,27899.000000000007
Mercedes-Benz,9,40000.0
Land,19,9950.000000000007
BMW,6,53998.00000000003
Ford,10,9887.999999999998
Lexus,4,89998.99999999997
Porsche,12,86899.99999999997
Dodge,19,12990.0
Nissan,4,36499.99999999998
Porsche,11,42998.99999999997
Mercedes-Benz,3,63997.99999999995
Chevrolet,19,12000.0
BMW,12,31999.999999999993
Hyundai,2,34599.0
Chevrolet,20,12500.0
Land,10,22800.0
Audi,8,39998.99999999997
GMC,14,7500.0000000000055
Alfa,5,35644.99999999998
Ferrari,9,149900.0
Kia,8,23949.999999999993
Ford,12,12500.0
Tesla,3,47000.0
Toyota,3,36998.99999999997
Subaru,5,23999.99999999999
Porsche,13,25999.999999999985
Toyota,17,8500.000000000005
RAM,6,64999.999999999956
Kia,3,30989.99999999997
Cadillac,15,10498.999999999993
Toyota,28,26500.000000000004
Nissan,5,113999.99999999996
Lexus,2,51997.999999999956
Audi,4,36498.999999999985
Lexus,26,25000.000000000007
GMC,3,27784.99999999998
Ford,13,6999.999999999998
Lexus,11,29999.99999999999
Ford,6,45499.99999999997
Chevrolet,15,8950.0
Audi,2,128900.00000000003
Audi,10,16999.99999999999
Genesis,2,42850.00000000001
Chevrolet,4,22998.999999999993
Scion,12,7099.999999999995
Lincoln,11,15500.00000000001
Ford,7,43000.00000000002
Porsche,7,417499.99999999994
Ford,4,39950.99999999999
Volvo,14,11499.999999999998
Chevrolet,12,27499.000000000022
Audi,7,76000.0
Lincoln,17,10900.000000000004
Hyundai,15,6250.000000000005
Audi,9,24699.999999999993
Mitsubishi,13,34998.99999999997
Tesla,2,60000.000000000015
Mercedes-Benz,9,63499.99999999998
Nissan,8,149500.00000000012
Mercedes-Benz,7,44798.000000000015
Chevrolet,6,34562.0
Mazda,4,32541.00000000001
Ford,3,65900.00000000003
Nissan,5,47214.00000000001
Lexus,6,76900.00000000003
Chevrolet,5,35800.0
Mercedes-Benz,11,54998.999999999956
BMW,21,6730.000000000004
Ford,7,14949.999999999987
Lincoln,10,12000.0
Ford,20,429997.99999999977
Genesis,8,33600.00000000001
Lexus,3,99950.00000000007
Ford,11,61900.0
Saturn,17,18500.0
Audi,3,119899.9999999999
Toyota,9,65997.99999999999
Mercedes-Benz,12,35999.99999999998
Porsche,20,63499.99999999998
Mercedes-Benz,7,31999.999999999993
Ford,17,3899.9999999999973
BMW,7,31750.000000000015
Honda,17,28500.0
Acura,2,34997.99999999999
Ford,24,12749.0
Mercedes-Benz,21,18852.999999999993
Mercedes-Benz,18,104999.00000000003
INFINITI,18,16899.999999999985
Volkswagen,9,14500.000000000004
Dodge,3,53899.999999999985
Lincoln,6,47998.99999999998
Maserati,10,24900.00000000001
Tesla,2,93999.00000000006
Mercedes-Benz,7,108900.00000000009
Ford,7,34997.99999999999
Volkswagen,13,5000.000000000003
Bugatti,14,1950995.0000000012
Toyota,5,34084.000000000015
Honda,9,15598.999999999993
Jeep,8,31330.999999999978
Land,17,9900.000000000004
Acura,10,14500.000000000004
BMW,9,36799.999999999985
Polestar,4,35999.00000000002
BMW,9,35000.00000000001
Porsche,11,49750.00000000003
Lincoln,4,49000.000000000015
Cadillac,17,10500.000000000005
Cadillac,9,17999.000000000007
GMC,9,27994.99999999999
INFINITI,16,8750.000000000005
Ford,2,78498.99999999994
Cadillac,7,20850.0
Nissan,8,40999.99999999999
Mercedes-Benz,6,53800.00000000003
Toyota,17,37900.000000000015
Toyota,9,63499.99999999998
RAM,9,64999.999999999956
Lamborghini,18,100000.00000000003
Lincoln,14,8994.999999999993
Mercedes-Benz,2,105499.99999999993
Lamborghini,2,359990.99999999994
Alfa,3,75900.00000000001
Chevrolet,4,23994.999999999993
Toyota,32,29500.000000000007
Lamborghini,4,257000.00000000015
INFINITI,12,14999.99999999999
Maserati,8,33949.99999999999
Toyota,3,47498.00000000002
Nissan,3,50998.00000000003
Audi,2,42997.999999999985
Ford,3,94999.00000000006
Lincoln,6,46995.00000000001
Mercedes-Benz,3,62479.000000000044
RAM,3,47995.000000000015
Lincoln,21,14899.999999999993
Acura,3,39997.99999999999
Toyota,3,29999.000000000007
Honda,22,3899.9999999999973
Mercedes-Benz,11,25999.999999999985
Mazda,18,10999.999999999993
Porsche,6,62999.99999999995
Ford,10,22500.000000000015
Kia,8,18688.00000000001
INFINITI,15,16499.999999999993
Nissan,6,27899.999999999978
Audi,4,77500.00000000006
Land,6,43998.00000000003
Ford,5,67999.99999999999
INFINITI,11,19995.00000000001
Jeep,3,54000.00000000001
Lincoln,15,5899.999999999995
Porsche,5,134999.00000000012
Mercedes-Benz,7,34250.00000000001
Porsche,11,37000.00000000001
Acura,14,12000.0
Volkswagen,7,31999.999999999993
Kia,2,24499.99999999998
BMW,5,96997.99999999997
Lincoln,6,26544.999999999985
BMW,10,86998.99999999997
Toyota,4,34645.000000000015
Mazda,2,28534.999999999985
Porsche,7,43549.99999999997
Lincoln,8,27499.99999999998
Tesla,4,31000.000000000015
Porsche,6,68999.99999999997
Chevrolet,20,16000.000000000002
Acura,23,8500.000000000005
Ferrari,4,275000.0000000002
Porsche,18,44999.999999999985
Rolls-Royce,12,488880.00000000023
Audi,3,74899.99999999999
Mercedes-Benz,3,144664.00000000006
Honda,4,38499.99999999997
Mercedes-Benz,20,12995.000000000005
Lexus,21,10000.00000000001
Lexus,10,26999.999999999978
Dodge,18,6000.000000000005
Maserati,5,52645.000000000044
Land,5,35998.0
Aston,4,159499.9999999999
Audi,3,33609.999999999985
Ford,5,28616.00000000002
Mercedes-Benz,7,46899.99999999996
Subaru,2,29990.000000000007
BMW,9,28499.00000000002
Kia,5,36499.99999999998
Chevrolet,3,31984.99999999998
Subaru,21,9999.00000000001
Kia,2,36997.99999999997
BMW,9,40499.99999999998
Hyundai,12,17500.000000000015
Mercedes-Benz,5,69899.99999999996
BMW,5,53000.00000000002
Subaru,11,29999.99999999999
Mercedes-Benz,6,159997.9999999999
Mazda,5,22965.999999999985
Hyundai,12,9799.999999999996
Bentley,2,239995.00000000015
Land,2,79998.00000000003
Kia,5,37404.99999999997
Maserati,10,41900.00000000003
BMW,5,39997.99999999999
INFINITI,14,8500.000000000005
Mazda,9,18500.0
Chevrolet,2,73900.0
Audi,2,47598.00000000002
Lexus,7,38000.000000000015
BMW,11,10795.000000000004
Alfa,5,32399.99999999999
RAM,4,34000.0
BMW,10,53000.00000000002
Tesla,3,84499.99999999994
Volvo,7,17999.999999999993
Subaru,20,19500.0
BMW,5,57997.999999999956
Cadillac,11,10999.999999999993
Land,9,21589.99999999998
Genesis,8,27499.99999999998
Mercedes-Benz,16,17999.999999999993
Land,2,199998.00000000006
Kia,6,20817.999999999996
Toyota,7,31853.000000000015
Mercedes-Benz,6,45899.999999999985
BMW,5,29500.000000000007
Audi,10,102000.00000000001
Audi,7,42800.00000000002
Toyota,3,75500.00000000006
Audi,3,52899.99999999998
Audi,9,20000.000000000015
Lamborghini,3,288900.0000000002
BMW,18,8994.999999999993
Audi,7,50000.000000000015
Cadillac,4,97951.99999999991
BMW,11,17199.999999999993
Kia,2,50998.00000000003
Chevrolet,17,21999.999999999993
GMC,5,27654.000000000015
BMW,4,41597.99999999999
Audi,10,13999.999999999995
Subaru,8,20499.999999999993
Mitsubishi,24,4495.0
Hyundai,3,29799.999999999975
BMW,7,67000.0
Dodge,14,10500.000000000005
Ford,10,10000.00000000001
Toyota,3,70999.99999999994
Land,10,17500.000000000015
Lincoln,16,9750.000000000002
Ford,2,46998.00000000004
Mercedes-Benz,8,75000.00000000004
Mercedes-Benz,6,95000.00000000001
BMW,7,31999.999999999993
Acura,27,5500.000000000004
Audi,6,36340.000000000015
BMW,11,40999.00000000003
Volkswagen,4,29798.00000000001
Lexus,2,120990.0
INFINITI,10,11499.999999999998
BMW,19,11499.999999999998
BMW,10,59549.00000000001
BMW,6,39997.99999999999
Kia,11,15362.999999999995
Rivian,2,95000.00000000001
BMW,10,29995.000000000007
Cadillac,8,60999.000000000044
Ford,5,17999.999999999993
Land,5,71999.99999999996
Lexus,15,13250.0
BMW,2,78350.00000000003
Volvo,7,21999.999999999993
Hyundai,17,3850.0000000000023
Dodge,4,37994.999999999985
Mercedes-Benz,8,39000.0
GMC,6,42995.0
Audi,5,91500.00000000007
Rivian,2,94499.99999999996
Toyota,6,32999.99999999999
Alfa,6,53899.999999999985
Land,5,36597.99999999998
Alfa,5,35345.0
Cadillac,18,22998.999999999993
Ford,6,47756.00000000003
Nissan,20,9950.000000000007
Subaru,15,7600.000000000004
Honda,22,2999.9999999999995
McLaren,5,185000.00000000006
Maserati,9,35999.99999999998
Jeep,3,58900.000000000015
Maserati,8,27994.99999999999
Lexus,23,6348.000000000004
Lincoln,20,2000.0
Ford,7,21499.999999999985
Cadillac,9,19997.99999999998
Lincoln,9,20999.99999999998
Toyota,15,5000.000000000003
Mercedes-Benz,6,71999.99999999996
Mercedes-Benz,3,71997.99999999997
Mercedes-Benz,6,127899.00000000009
Hyundai,11,10999.999999999993
Toyota,6,40368.00000000004
Mercedes-Benz,4,99899.99999999996
Audi,8,67899.99999999999
Mazda,26,12900.0
Mercedes-Benz,8,33999.00000000003
Chevrolet,18,47500.000000000015
Ford,4,73000.00000000003
Volkswagen,3,27899.999999999978
BMW,13,16000.000000000002
BMW,1,128994.99999999996
Lexus,7,37299.999999999985
Audi,8,25998.999999999985
Alfa,7,26599.999999999978
Land,2,95997.99999999997
BMW,6,50998.00000000003
BMW,10,44950.0
Rolls-Royce,4,314900.0000000001
Audi,6,38000.000000000015
Lexus,14,11400.000000000004
Land,9,18999.999999999985
Ferrari,10,124990.00000000006
Lexus,7,63997.00000000002
Kia,3,38997.99999999999
GMC,20,5799.999999999996
Lexus,17,8994.999999999993
Nissan,15,28999.999999999996
Dodge,21,5699.999999999998
Ford,9,19995.00000000001
INFINITI,10,17800.00000000001
BMW,2,105900.00000000006
Lincoln,9,19780.00000000001
Volvo,5,35999.99999999998
Audi,7,37000.00000000001
Ford,4,31620.999999999975
Volkswagen,24,5500.000000000004
Jaguar,8,51499.99999999997
Land,5,44997.99999999998
RAM,4,45277.00000000001
Rivian,2,91000.00000000009
BMW,4,91900.00000000003
Lexus,7,64999.999999999956
Land,6,38000.000000000015
Acura,2,54997.99999999998
Lexus,7,64999.999999999956
Audi,6,43500.00000000003
Land,7,34899.99999999998
RAM,5,50658.00000000004
Audi,6,42900.000000000015
Audi,5,59598.000000000044
Cadillac,4,93000.00000000007
Mercedes-Benz,9,85500.00000000006
BMW,16,28000.00000000002
Honda,16,6250.000000000005
Rolls-Royce,3,449994.9999999996
Cadillac,10,35999.00000000002
Acura,5,36569.99999999999
BMW,3,29999.000000000007
Chrysler,8,20000.000000000015
Buick,12,11994.99999999999
Mercedes-Benz,5,104900.00000000007
RAM,4,48000.00000000003
Mercedes-Benz,7,44899.99999999997
Land,5,36997.99999999997
Volvo,5,50000.000000000015
Ford,5,48999.0
Toyota,19,5000.000000000003
Toyota,20,8500.000000000005
Ford,2,87500.00000000007
Chevrolet,9,19500.0
Chevrolet,3,32999.99999999999
Jeep,4,42997.999999999985
BMW,2,86999.99999999994
Mercedes-Benz,4,87500.00000000007
Toyota,5,45423.00000000004
BMW,4,31999.999999999993
BMW,17,15300.000000000004
Mazda,7,20499.999999999993
Audi,7,39998.99999999997
Saturn,17,14994.999999999989
BMW,20,9950.000000000007
Volvo,5,64999.999999999956
Acura,4,38781.00000000003
Acura,3,46597.99999999997
Chevrolet,4,67100.00000000004
Tesla,4,41999.99999999999
Mercedes-Benz,12,11494.999999999993
Chevrolet,3,33299.000000000015
BMW,12,16800.000000000004
Land,18,5750.000000000002
BMW,4,43000.00000000002
Porsche,18,24999.0
Ford,4,62594.99999999996
Rivian,2,93999.99999999997
Mercedes-Benz,4,42598.0
Ford,13,48000.00000000003
Tesla,4,36299.99999999999
Nissan,16,15900.000000000004
Toyota,11,32999.99999999999
Nissan,5,63900.000000000015
Ford,3,33499.99999999998
INFINITI,11,18900.000000000004
Aston,17,39000.0
Porsche,8,107997.99999999997
Lotus,8,69250.0
Land,5,44999.999999999985
Nissan,18,6700.0
Dodge,13,13500.000000000004
Buick,3,31754.999999999985
Nissan,7,13999.0
Nissan,13,4200.000000000004
Jeep,3,83998.00000000006
Nissan,2,65989.99999999996
Land,12,15900.000000000004
Porsche,22,22550.000000000022
Bentley,21,37900.000000000015
Jaguar,7,53599.999999999985
Cadillac,4,84999.99999999994
Audi,7,31989.999999999996
Jeep,5,35297.00000000003
Audi,9,29995.000000000007
GMC,10,31899.99999999999
Tesla,3,44997.99999999998
Mazda,1,52990.99999999997
Ford,8,11498.999999999996
Cadillac,7,52000.000000000044
Audi,17,10500.000000000005
Hyundai,4,25986.999999999993
Mercedes-Benz,9,46598.99999999996
Mercedes-Benz,10,54499.99999999998
Acura,11,17500.000000000015
RAM,6,67998.99999999994
Audi,13,15500.00000000001
BMW,2,73599.99999999997
RAM,6,34917.999999999985
Audi,12,16999.99999999999
Cadillac,6,22500.000000000015
Volkswagen,9,12999.999999999995
Ford,9,31699.999999999996
Mercedes-Benz,8,64600.000000000015
Ford,4,29613.99999999998
Jeep,4,43663.00000000003
BMW,8,20995.000000000004
Mercedes-Benz,7,25624.999999999985
Acura,12,32999.99999999999
Genesis,3,40999.99999999999
Lexus,4,98000.00000000003
Jeep,3,43500.00000000003
Hyundai,3,24999.0
Kia,16,6975.000000000002
BMW,2,76499.99999999996
Ford,11,23598.00000000001
BMW,7,67249.99999999997
Volkswagen,24,13999.999999999995
Rolls-Royce,15,68999.99999999997
Lincoln,9,26500.000000000004
Mercedes-Benz,3,39776.99999999996
RAM,3,41740.999999999985
Jeep,3,56740.0
Volvo,15,5799.999999999996
Subaru,11,25000.000000000007
Chevrolet,27,39500.00000000001
Hummer,19,29994.000000000015
Audi,4,101998.00000000004
Ford,14,10998.999999999998
GMC,15,6500.000000000003
Land,7,72566.99999999994
Jeep,3,37500.000000000015
BMW,5,63999.00000000002
Mercedes-Benz,6,134999.99999999997
Chevrolet,4,29899.999999999996
BMW,7,54000.00000000001
Mercedes-Benz,18,10000.00000000001
RAM,3,81899.99999999996
Audi,9,67000.0
Porsche,5,55997.999999999985
Genesis,3,50500.00000000004
Aston,17,33995.00000000002
Nissan,19,10200.000000000004
Toyota,12,18799.999999999993
Chevrolet,4,62899.99999999995
Jeep,5,24590.000000000007
BMW,3,47998.0
Ford,4,33410.000000000015
Mercedes-Benz,8,41999.99999999999
Volvo,20,3549.9999999999977
Mercedes-Benz,8,29500.000000000007
Chevrolet,8,29999.000000000007
Chevrolet,10,28000.00000000002
Acura,3,47950.000000000044
Bentley,5,162950.00000000012
Rolls-Royce,3,695000.0
Genesis,3,44249.00000000001
Pontiac,26,2500.0000000000005
Lexus,4,51997.999999999956
BMW,5,85997.99999999994
BMW,2,92900.00000000006
Jeep,4,38383.00000000003
Kia,3,23999.99999999999
Kia,7,14699.000000000002
BMW,3,98900.00000000003
RAM,4,41950.00000000003
Volkswagen,4,38322.000000000015
Hyundai,4,27599.0
Jaguar,10,20999.99999999998
Audi,3,62999.99999999995
INFINITI,8,21999.999999999993
Mercedes-Benz,3,244895.9999999999
Mercedes-Benz,6,43500.00000000003
Mitsubishi,22,28000.00000000002
Jeep,12,24590.000000000007
Audi,10,18998.999999999993
Volkswagen,23,4299.999999999997
BMW,5,68998.00000000003
Bentley,2,272950.0000000001
Mercedes-Benz,11,14999.99999999999
BMW,6,84999.99999999994
Lexus,10,16499.999999999993
Toyota,3,44998.999999999985
Mercedes-Benz,6,35999.00000000002
Mercedes-Benz,9,47998.99999999998
Ford,5,36994.000000000015
Mazda,15,8299.999999999993
Honda,6,35556.999999999985
Bentley,7,114999.99999999991
MINI,16,6880.0
Nissan,20,3950.000000000003
Bentley,6,113989.99999999991
Nissan,14,3199.9999999999986
Ford,6,40499.99999999998
Ford,5,53722.00000000004
Lamborghini,19,259000.0
Chevrolet,8,25999.999999999985
Bentley,7,103000.00000000001
BMW,6,81329.99999999997
Genesis,3,48949.999999999985
Chevrolet,14,18500.0
Dodge,8,29999.99999999999
Porsche,7,85500.00000000006
Porsche,14,31999.999999999993
Porsche,15,38499.99999999997
Lexus,9,25500.0
Kia,12,9200.0
Land,6,35998.0
Jaguar,8,34000.0
Lexus,20,13449.999999999996
Mercedes-Benz,14,17500.000000000015
BMW,2,144900.00000000012
RAM,2,65687.99999999997
Lamborghini,6,234899.99999999983
Toyota,8,37998.999999999985
Audi,6,39989.99999999999
GMC,29,25000.000000000007
Land,5,72995.00000000006
Chevrolet,3,35999.99999999998
BMW,6,35999.99999999998
Cadillac,16,16899.999999999985
Scion,15,6500.000000000003
Kia,13,10900.000000000004
Honda,32,9599.000000000004
Maserati,20,2954083.0000000023
Porsche,10,50000.000000000015
Genesis,2,43498.999999999985
Chevrolet,4,22995.000000000015
Toyota,20,7850.000000000001
Toyota,10,18300.0
Porsche,11,78500.00000000004
Volvo,10,29899.999999999996
Lexus,2,119500.00000000009
BMW,8,24949.999999999993
Tesla,5,36495.00000000003
FIAT,8,22500.000000000015
Dodge,23,6500.000000000003
Toyota,2,84900.00000000001
BMW,3,66997.99999999999
Jeep,18,15750.000000000013
MINI,11,16999.99999999999
Nissan,13,16999.99999999999
Toyota,19,6500.000000000003
Maserati,2,75000.00000000004
Lexus,3,52000.000000000044
BMW,12,13500.000000000004
BMW,16,15500.00000000001
BMW,4,94998.00000000006
Hyundai,2,43999.99999999997
Volvo,12,13899.99999999999
Karma,7,50999.999999999985
BMW,4,63597.999999999956
Ford,4,38000.000000000015
BMW,9,23998.999999999985
Ford,6,24997.999999999993
Volkswagen,5,34645.000000000015
Honda,21,10500.000000000005
BMW,3,132998.0
RAM,3,48000.00000000003
Jeep,7,26500.000000000004
GMC,6,57850.00000000003
BMW,10,45950.00000000001
Acura,8,24839.99999999999
Volkswagen,9,18999.999999999985
BMW,4,101000.00000000003
Ford,13,18999.999999999985
BMW,6,65997.99999999999
Kia,6,20708.000000000015
BMW,11,17994.999999999996
Aston,15,69995.00000000006
Mercedes-Benz,17,8399.999999999995
BMW,7,35000.00000000001
Dodge,15,6000.000000000005
Acura,15,13888.000000000004
Jeep,20,7200.000000000005
BMW,14,21899.999999999993
Kia,2,40999.99999999999
Ford,4,41998.99999999998
BMW,14,34949.99999999997
Jeep,2,45999.999999999956
Porsche,3,99000.00000000004
Ford,5,28590.000000000007
BMW,7,61999.99999999997
Ford,3,42500.00000000003
FIAT,8,14999.000000000004
Cadillac,10,26950.000000000022
Mercedes-Benz,11,28999.999999999996
Ford,4,59203.00000000005
Rivian,2,91000.00000000009
BMW,11,39985.00000000002
Lamborghini,8,210000.0
Ford,3,68995.00000000003
Lexus,4,81899.99999999996
Lexus,10,31899.99999999999
BMW,2,81000.00000000007
Audi,7,25000.000000000007
Audi,22,13849.999999999998
Volkswagen,10,15549.999999999989
Cadillac,2,123999.0000000001
Hyundai,7,19189.99999999999
Toyota,2,35000.00000000001
Ford,2,98900.00000000003
Hyundai,4,28500.0
Nissan,8,20900.000000000015
Lexus,17,14500.000000000004
Cadillac,12,12000.0
Audi,17,62999.99999999995
Jaguar,5,47598.00000000002
Chevrolet,7,31999.999999999993
Ford,4,52000.000000000044
Toyota,14,16000.000000000002
BMW,4,60000.000000000015
Audi,6,42500.00000000003
Toyota,10,18200.00000000001
Porsche,8,31999.999999999993
Lexus,2,47123.999999999985
Mercedes-Benz,5,175000.00000000012
Lexus,14,10400.000000000002
Toyota,4,67999.99999999999
Mercedes-Benz,8,37994.999999999985
BMW,8,41999.99999999999
Chevrolet,7,35999.99999999998
Ford,11,42500.00000000003
Subaru,20,7099.999999999995
Alfa,6,28500.0
Mazda,18,6949.999999999996
Ford,7,36499.99999999998
Mercedes-Benz,4,54598.999999999985
Audi,8,35000.00000000001
RAM,8,46499.999999999985
Tesla,10,29974.99999999999
Audi,8,53500.000000000044
Hyundai,3,28999.999999999996
Audi,9,21999.999999999993
Ford,16,6998.999999999999
INFINITI,10,19977.000000000007
BMW,14,20990.000000000007
Mercedes-Benz,16,4749.999999999996
Ford,6,28590.000000000007
Chevrolet,11,14999.99999999999
Mazda,8,20499.999999999993
Jeep,4,38405.00000000001
MINI,9,17494.999999999996
Saab,23,7500.0000000000055
BMW,6,43000.00000000002
Porsche,4,58998.00000000001
Audi,3,39997.99999999999
GMC,5,29645.0
Audi,20,6500.000000000003
Mercury,21,22999.999999999993
Hyundai,10,12700.0
Audi,7,29999.99999999999
Audi,6,50000.000000000015
Lincoln,17,10098.999999999998
BMW,7,63999.99999999997
Mazda,4,36969.0
Chevrolet,2,78999.00000000006
Ford,8,35999.99999999998
Ford,6,55000.00000000004
Ferrari,3,259499.99999999985
Mercedes-Benz,8,32999.99999999999
Hyundai,6,28000.00000000002
Mercedes-Benz,13,23499.999999999978
Ford,17,12240.00000000001
Mercury,22,15500.00000000001
Ford,4,57000.000000000044
Mercedes-Benz,12,15500.00000000001
Volkswagen,3,38698.00000000002
Chevrolet,19,24949.999999999993
Chevrolet,11,14999.99999999999
Mitsubishi,17,6000.000000000005
Toyota,9,68499.99999999999
Genesis,3,41299.0
Toyota,21,8249.999999999996
Maserati,2,125899.99999999994
Audi,11,44899.99999999997
Nissan,3,28906.000000000007
Porsche,15,28600.000000000022
BMW,4,49999.00000000001
Cadillac,15,19500.0
Volvo,5,27800.000000000025
Mazda,2,40655.00000000001
Chrysler,3,35849.999999999985
Jeep,5,35272.99999999998
Toyota,24,4299.999999999997
Ford,6,38499.99999999997
Ford,51,114999.99999999991
Land,3,44997.99999999998
Mazda,5,17999.999999999993
Kia,10,11899.999999999996
Lexus,16,4499.999999999999
Mitsubishi,9,11970.000000000007
Mercedes-Benz,8,25899.999999999985
Audi,6,27499.99999999998
Audi,10,14998.00000000001
Mercedes-Benz,9,16800.000000000004
INFINITI,14,22449.999999999985
Kia,4,28998.000000000004
BMW,7,30750.000000000004
Mercedes-Benz,22,11899.999999999996
Jeep,22,12499.0
Kia,5,36499.99999999998
Land,13,14489.99999999999
Jaguar,18,21899.999999999993
BMW,5,71994.99999999997
BMW,3,56899.99999999997
Mercedes-Benz,4,83598.00000000006
RAM,3,48189.99999999998
BMW,12,35999.00000000002
Mercedes-Benz,18,12000.0
Jeep,8,16499.999999999993
Toyota,6,35999.99999999998
BMW,3,98900.00000000003
BMW,2,84644.99999999997
BMW,26,36949.99999999998
Maserati,7,41900.00000000003
Acura,4,39650.00000000001
Mercedes-Benz,10,18999.999999999985
Mercedes-Benz,4,44999.999999999985
Cadillac,11,17498.00000000001
Chevrolet,10,19750.0
Porsche,12,22999.999999999993
Dodge,20,12000.0
INFINITI,11,22999.999999999993
Land,5,112000.00000000004
Toyota,18,9249.999999999995
GMC,9,12500.0
Lincoln,4,36998.99999999997
RAM,8,40999.99999999999
RAM,11,40499.99999999998
Mercedes-Benz,12,15900.000000000004
BMW,7,54998.999999999956
Ford,22,24499.99999999998
Acura,3,26599.000000000015
Buick,20,2800.000000000001
Cadillac,12,21999.999999999993
Mercedes-Benz,7,52000.000000000044
INFINITI,9,25950.000000000022
Buick,6,18794.999999999993
Mercedes-Benz,6,43999.0
Jeep,15,5899.999999999995
Mercedes-Benz,14,37000.00000000001
Audi,9,28000.00000000002
Mazda,3,25500.0
Bentley,16,59400.000000000044
Bentley,3,217950.0000000001
Bentley,3,197749.99999999994
Porsche,7,106797.99999999999
Volkswagen,9,29949.999999999996
Hyundai,14,4000.0000000000014
Ford,7,25500.0
Hyundai,5,22748.999999999985
Ford,12,12990.0
BMW,11,25979.999999999993
Dodge,15,16999.99999999999
Mercedes-Benz,5,199995.00000000003
Dodge,5,104500.00000000003
Porsche,12,35499.99999999999
Porsche,7,49500.0
Ford,4,49882.999999999985
Ford,15,14899.999999999993
Chevrolet,5,38499.99999999997
Mercedes-Benz,7,28250.999999999996
RAM,6,33241.999999999985
Toyota,2,76373.00000000004
BMW,7,67999.99999999999
Mazda,3,25099.0
Nissan,9,15998.00000000001
Audi,10,34000.0
Genesis,5,31899.99999999999
Rolls-Royce,9,166899.99999999994
BMW,6,67899.99999999999
Ford,12,18750.000000000007
BMW,16,18500.0
Nissan,2,29895.000000000025
Lincoln,6,30890.0
Kia,3,46787.0
Lincoln,3,79998.99999999994
Mercedes-Benz,10,62499.999999999956
Chevrolet,8,26999.999999999978
Audi,5,50000.000000000015
Ford,8,20988.99999999999
Chevrolet,7,8500.000000000005
Land,5,75500.00000000006
Land,2,62999.00000000004
BMW,13,38995.00000000003
Ford,17,13500.000000000004
Kia,3,29998.000000000025
Mazda,11,11499.999999999998
Kia,4,45898.999999999985
Chevrolet,2,74500.00000000001
Mercedes-Benz,8,77999.99999999994
Ford,20,14899.999999999993
Audi,6,38999.00000000002
GMC,8,39750.00000000002
Kia,2,40000.0
Chevrolet,20,25999.999999999985
BMW,11,34000.0
Nissan,8,17500.000000000015
GMC,10,19780.00000000001
Cadillac,4,93499.99999999991
Nissan,15,72998.99999999997
Toyota,7,31000.000000000015
BMW,5,54499.99999999998
INFINITI,7,26999.999999999978
Lexus,15,18500.0
GMC,6,51898.99999999996
Chevrolet,20,20995.000000000004
Dodge,11,19750.0
Hyundai,9,21399.99999999998
Lamborghini,6,649998.9999999998
Ford,22,10500.000000000005
Audi,4,39598.999999999985
Toyota,2,78900.00000000003
Land,5,74899.99999999999
Jeep,3,42599.00000000004
Maserati,10,35999.99999999998
BMW,12,37500.000000000015
Mercedes-Benz,3,43899.99999999997
Land,2,143998.00000000006
Ford,14,13999.999999999995
Audi,13,6999.999999999998
BMW,6,41995.0
BMW,16,12500.0
Ford,27,10299.999999999993
Toyota,13,17500.000000000015
Dodge,6,50000.000000000015
Land,7,63997.99999999995
Audi,4,61058.99999999999
Subaru,10,22999.999999999993
Chevrolet,8,20999.99999999998
INFINITI,5,29899.999999999996
Porsche,14,28000.00000000002
INFINITI,8,16000.000000000002
BMW,7,63999.99999999997
Maserati,3,238899.99999999988
Land,2,90000.00000000001
BMW,5,84900.00000000001
Tesla,5,41998.99999999998
Volvo,2,54899.99999999997
Mercedes-Benz,14,30999.000000000022
Land,5,64500.000000000015
Ford,13,4499.999999999999
Lexus,9,25995.00000000002
Porsche,6,99750.00000000007
Mercedes-Benz,5,142998.00000000012
RAM,3,45861.0
Audi,5,187899.99999999985
Mitsubishi,19,57000.000000000044
Acura,12,23999.99999999999
Cadillac,13,10000.00000000001
Chevrolet,3,45999.999999999956
Toyota,3,29899.999999999996
Ford,6,39000.0
Lexus,13,6999.999999999998
Jaguar,11,32997.99999999997
Jeep,5,38597.99999999997
Porsche,8,62499.999999999956
Audi,11,116999.99999999991
Lincoln,9,16750.00000000001
Chevrolet,24,6999.999999999998
Mercedes-Benz,4,130000.00000000009
Lexus,3,54997.99999999998
BMW,6,45998.99999999999
Chevrolet,9,21499.999999999985
Ford,12,7944.999999999999
Hyundai,3,34579.99999999998
Lexus,2,59950.000000000015
Land,5,31000.000000000015
Chevrolet,6,39000.0
Porsche,5,129900.00000000012
Chevrolet,4,29999.99999999999
Jeep,4,39997.99999999999
Toyota,18,33580.000000000015
GMC,2,93999.00000000006
Ford,7,77999.00000000004
Cadillac,4,79990.00000000006
Buick,8,20000.000000000015
Tesla,5,65989.99999999996
Mercedes-Benz,8,28500.0
Chevrolet,8,39997.99999999999
Kia,3,43329.00000000002
Toyota,2,63100.000000000044
Audi,2,107900.0000000001
Nissan,7,26497.999999999985
Land,5,46597.99999999997
Kia,5,32913.00000000002
Lexus,5,45950.00000000001
BMW,3,68999.99999999997
Land,2,133500.00000000003
Chevrolet,10,54000.00000000001
Maserati,18,7999.0
Dodge,8,489994.9999999998
Ford,4,55329.00000000002
Mazda,9,17800.00000000001
Kia,6,16499.999999999993
Land,7,58999.99999999997
Lexus,4,52997.999999999956
Lincoln,21,14899.999999999993
Honda,13,19600.0
Lexus,8,31989.999999999996
RAM,6,31952.999999999975
Tesla,2,48000.00000000003
Audi,2,78900.00000000003
Hyundai,11,14999.99999999999
Porsche,17,41500.000000000015
Ford,15,26094.999999999978
Kia,9,16999.00000000001
Nissan,16,21499.999999999985
Genesis,2,40750.0
Land,12,25999.999999999985
Mercedes-Benz,5,69499.99999999996
Ford,2,66500.00000000006
RAM,7,31999.999999999993
Dodge,15,17500.000000000015
Chevrolet,12,7500.0000000000055
Jeep,12,13500.000000000004
Audi,12,35999.00000000002
Jeep,3,48994.999999999985
Mazda,33,11499.999999999998
Chrysler,20,6000.000000000005
Audi,14,9900.000000000004
Tesla,2,84999.99999999994
Cadillac,5,28500.0
Maserati,11,18999.999999999985
Jaguar,6,34499.99999999997
BMW,6,44495.00000000002
Acura,6,30999.000000000022
GMC,10,9500.000000000005
BMW,11,12800.0
Nissan,14,4499.999999999999
Mercedes-Benz,6,33499.99999999998
Toyota,22,4199.0
RAM,4,54799.99999999998
Mercedes-Benz,3,81499.99999999997
Audi,7,28000.00000000002
Lincoln,6,52999.000000000015
Audi,17,5699.999999999998
Chevrolet,19,6995.000000000002
Mercedes-Benz,6,49998.0
Volvo,7,25998.999999999985
Toyota,14,7699.999999999996
Mercedes-Benz,7,29497.0
Chevrolet,15,16999.99999999999
Mazda,13,20198.999999999996
Ford,10,16250.000000000011
Mercedes-Benz,10,59598.000000000044
Kia,2,31113.000000000025
Porsche,15,20900.000000000015
Toyota,9,27749.99999999998
Hyundai,6,18200.00000000001
Land,9,18750.000000000007
Ford,13,19549.999999999993
Mercedes-Benz,21,24900.00000000001
Jeep,7,21999.999999999993
Mercedes-Benz,7,40998.0
Mercedes-Benz,4,135799.99999999997
Tesla,9,39500.00000000001
Lexus,15,44799.999999999985
BMW,15,12999.999999999995
Audi,3,162500.00000000012
Buick,19,5000.000000000003
Lincoln,9,18500.0
Nissan,7,37000.00000000001
Porsche,5,114998.00000000007
Mercedes-Benz,32,15300.000000000004
BMW,10,24994.999999999978
Jeep,3,69685.00000000001
Cadillac,12,12995.000000000005
Ford,15,10900.000000000004
Kia,3,47500.000000000015
Audi,11,25990.0
Toyota,7,38000.000000000015
Jeep,12,35000.00000000001
Maserati,19,16499.999999999993
Mercedes-Benz,19,16750.00000000001
GMC,23,5000.000000000003
Nissan,14,16999.99999999999
BMW,2,109900.00000000003
Porsche,9,488999.9999999996
Land,2,81998.00000000007
Ford,9,21999.999999999993
BMW,3,114998.00000000007
Porsche,15,71400.00000000003
Volvo,17,11400.000000000004
Chrysler,4,27798.0
Honda,5,20499.000000000015
Porsche,19,36250.00000000002
Tesla,3,47799.99999999999
BMW,5,71950.00000000003
Audi,21,16000.000000000002
Ford,4,69997.99999999997
Kia,2,32499.99999999997
RAM,6,33499.99999999998
BMW,5,80998.00000000001
Mercedes-Benz,10,28999.999999999996
Cadillac,9,14599.000000000005
INFINITI,11,19990.00000000001
Volkswagen,8,28890.00000000002
Chevrolet,14,9950.000000000007
Toyota,4,44749.99999999998
BMW,3,35750.000000000015
Mercedes-Benz,9,35299.99999999999
Cadillac,6,20999.99999999998
Jaguar,21,9500.000000000005
Chevrolet,5,150000.00000000006
Mercedes-Benz,13,23999.99999999999
Mercedes-Benz,3,42998.99999999997
Dodge,22,5699.999999999998
Audi,13,13800.000000000011
Audi,7,31499.999999999996
Audi,13,19500.0
Porsche,10,52589.99999999997
Mercedes-Benz,5,128900.00000000003
Chevrolet,2,51499.99999999997
Audi,2,61998.000000000015
Maserati,7,67000.0
GMC,3,67962.99999999997
Cadillac,5,49426.99999999999
Jeep,3,43388.99999999997
Chevrolet,13,17999.999999999993
BMW,7,60200.000000000015
Nissan,16,19500.0
Dodge,20,18999.999999999985
GMC,12,15500.00000000001
Lexus,8,32999.99999999999
Mercedes-Benz,13,11998.999999999993
INFINITI,3,47644.99999999997
Mercedes-Benz,4,75000.00000000004
BMW,9,13500.000000000004
Porsche,11,67999.99999999999
Porsche,20,21750.00000000001
BMW,4,93999.99999999997
Ford,18,9449.999999999995
Rivian,2,89998.99999999997
Volvo,3,61999.000000000044
BMW,9,16000.000000000002
Cadillac,9,29500.000000000007
Chevrolet,21,25899.999999999985
Audi,12,11499.999999999998
Audi,13,16999.99999999999
Buick,18,6500.000000000003
Chevrolet,8,44899.99999999997
Tesla,2,52000.000000000044
BMW,10,40000.0
Kia,14,6900.000000000005
Toyota,3,53568.000000000044
Lincoln,4,43860.00000000002
Nissan,10,11994.99999999999
BMW,10,26500.000000000004
Mazda,17,6500.000000000003
GMC,8,45499.99999999997
Toyota,2,41998.99999999998
RAM,7,36990.0
RAM,4,35112.999999999985
Lexus,11,23998.000000000015
Hyundai,9,10989.999999999996
Chevrolet,22,16999.00000000001
Maserati,12,38899.99999999997
Tesla,5,65998.99999999996
BMW,7,52000.000000000044
Tesla,4,48499.99999999998
Subaru,10,13999.0
Buick,29,16999.00000000001
Land,8,36499.99999999998
Ford,4,42690.99999999997
Nissan,13,6700.0
Toyota,6,42886.0
Mercedes-Benz,5,112500.00000000004
BMW,6,28999.999999999996
Lexus,18,10599.99999999999
Porsche,18,69995.00000000006
Porsche,5,96899.99999999999
Maserati,2,88949.99999999996
Dodge,5,69899.99999999996
Mazda,4,25899.999999999985
Audi,6,48000.00000000003
Ford,9,33900.00000000001
Tesla,3,44399.99999999998
Audi,14,22999.999999999993
BMW,5,55000.00000000004
Audi,2,54899.99999999997
BMW,9,27499.99999999998
Mercedes-Benz,7,49999.00000000001
Mercedes-Benz,10,37000.00000000001
Honda,23,26999.999999999978
Chevrolet,25,10000.00000000001
Chevrolet,5,35387.00000000002
Mercedes-Benz,12,40000.0
Bentley,12,63999.99999999997
GMC,23,16899.999999999985
Audi,5,41999.99999999999
Toyota,8,18700.00000000001
GMC,8,34998.99999999997
Toyota,5,47500.000000000015
Subaru,8,23999.99999999999
Subaru,10,17999.999999999993
INFINITI,11,16487.999999999985
Chevrolet,8,24949.999999999993
Toyota,19,8900.000000000002
Dodge,9,37500.000000000015
Porsche,16,14999.99999999999
Kia,2,39899.99999999998
Mercedes-Benz,6,95999.99999999996
BMW,11,64995.000000000044
Subaru,8,23499.999999999978
Dodge,10,12000.0
Land,4,89900.00000000007
Nissan,12,17500.000000000015
Cadillac,5,55000.00000000004
Mercedes-Benz,13,19899.999999999993
Kia,13,8900.000000000002
Chevrolet,3,67499.99999999996
Volkswagen,7,24325.000000000004
Dodge,21,22500.000000000015
Scion,11,11494.999999999993
Land,9,49900.000000000015
Lexus,7,40900.00000000001
Chevrolet,10,16000.000000000002
Maserati,10,44998.999999999985
Porsche,22,55000.00000000004
Hyundai,13,8500.000000000005
Cadillac,13,18954.99999999999
BMW,25,2500.0000000000005
Tesla,6,25999.999999999985
Chevrolet,30,6500.000000000003
Nissan,13,21499.999999999985
Mercedes-Benz,7,38597.99999999997
Ford,4,49500.0
Audi,13,12000.0
RAM,12,25000.000000000007
Dodge,14,8500.000000000005
Mercedes-Benz,12,10749.999999999993
Dodge,9,62499.999999999956
Land,7,42949.99999999997
BMW,7,60995.00000000001
Mercedes-Benz,7,47000.0
Land,6,68900.00000000004
Chevrolet,16,18900.000000000004
Toyota,9,35999.99999999998
Mazda,13,18900.000000000004
Volkswagen,13,12449.000000000002
Jaguar,12,8800.000000000004
Chevrolet,15,19500.0
INFINITI,13,14500.000000000004
BMW,6,46999.00000000002
Chevrolet,3,39500.00000000001
Porsche,4,108900.00000000009
Mercedes-Benz,10,59749.999999999956
Cadillac,7,44999.999999999985
Toyota,11,15999.000000000002
Audi,10,19997.99999999998
BMW,13,16999.99999999999
Jaguar,5,57500.00000000001
BMW,8,40000.0
BMW,4,49999.00000000001
Jeep,9,29999.99999999999
RAM,7,35999.99999999998
Ford,9,19998.999999999985
BMW,28,15900.000000000004
Mercedes-Benz,14,11998.999999999993
Rivian,2,96850.00000000004
Tesla,2,48000.00000000003
Mercedes-Benz,3,53000.00000000002
BMW,2,85494.99999999997
Chevrolet,2,31999.999999999993
Chevrolet,10,20000.000000000015
Chevrolet,4,60995.00000000001
Jeep,5,44999.999999999985
GMC,2,82000.0
Mazda,6,24994.999999999978
Alfa,4,39000.0
Mercedes-Benz,9,22998.999999999993
BMW,6,31697.999999999985
Volkswagen,6,22999.999999999993
Mercedes-Benz,17,12000.0
Audi,11,47995.000000000015
Volvo,3,54598.999999999985
Land,5,64800.000000000044
Toyota,14,16000.000000000002
Jeep,21,24999.0
Audi,4,51800.00000000003
Land,14,20000.000000000015
Mercedes-Benz,14,31999.000000000007
Toyota,2,84997.00000000004
Maserati,8,39100.0
Toyota,29,7500.0000000000055
Lamborghini,4,749949.9999999998
Ford,6,44998.999999999985
RAM,7,50000.000000000015
Toyota,18,17900.0
Dodge,6,41999.99999999999
Lexus,7,34699.99999999999
Genesis,3,54543.00000000002
Jaguar,6,59598.000000000044
Kia,4,24994.999999999978
Mercedes-Benz,3,104999.00000000003
Porsche,7,57500.00000000001
INFINITI,7,23105.0
Ford,3,39500.00000000001
Kia,4,42242.00000000003
Chevrolet,20,7994.999999999998
Mercedes-Benz,8,35750.000000000015
Land,3,114900.00000000006
Toyota,3,22944.99999999999
Mercedes-Benz,8,38000.000000000015
Mercedes-Benz,13,22221.999999999993
Mercedes-Benz,7,47644.99999999997
Jeep,22,14249.999999999993
Lincoln,7,50000.000000000015
Chevrolet,17,31000.000000000015
GMC,9,29500.000000000007
Mercedes-Benz,4,157500.00000000006
Land,2,195000.00000000006
Ford,8,12999.999999999995
Ferrari,7,243900.00000000006
Chevrolet,15,29999.99999999999
BMW,5,66000.0
Land,9,33999.00000000003
Porsche,22,31999.999999999993
Maserati,3,279000.0000000001
Mercedes-Benz,10,15999.000000000002
Mercedes-Benz,6,79500.00000000004
Mercedes-Benz,14,9249.999999999995
Lexus,18,9999.00000000001
BMW,2,71400.00000000003
Audi,4,57900.0
Audi,3,52598.00000000001
Jaguar,6,22500.000000000015
Genesis,6,32989.999999999985
BMW,5,70000.00000000001
Subaru,11,29999.99999999999
GMC,4,55000.00000000004
Lincoln,4,46849.99999999998
Jaguar,12,70000.00000000001
Mercedes-Benz,12,54995.00000000002
Toyota,27,12490.000000000002
Toyota,12,20499.999999999993
BMW,9,25000.000000000007
BMW,3,47000.0
Mercedes-Benz,7,20900.000000000015
Hyundai,15,10000.00000000001
Cadillac,12,17999.000000000007
Lincoln,23,5230.000000000004
GMC,4,52000.000000000044
Mercedes-Benz,10,28999.999999999996
Jaguar,17,11990.00000000001
Lexus,10,26998.999999999993
Audi,10,21499.999999999985
Subaru,10,18999.999999999985
Dodge,22,10700.000000000004
Subaru,10,20999.99999999998
Audi,17,29999.99999999999
Porsche,18,53998.99999999999
Audi,10,17199.999999999993
Audi,16,8700.000000000004
Ford,22,29999.99999999999
Ford,21,8500.000000000005
Land,8,47500.000000000015
Audi,6,48499.99999999998
BMW,9,23999.99999999999
Ford,3,49000.000000000015
Ford,4,42387.99999999999
Hyundai,12,12500.0
Toyota,26,3499.9999999999977
Mercedes-Benz,7,39853.00000000003
Audi,3,61900.0
Buick,8,17549.999999999993
Lamborghini,15,109499.00000000007
Ford,14,18500.0
GMC,9,29999.99999999999
Ford,12,16000.000000000002
Lexus,17,28999.999999999996
BMW,10,28000.00000000002
Land,15,15500.00000000001
Mercedes-Benz,11,16499.999999999993
GMC,15,9500.000000000005
BMW,17,5698.999999999998
Dodge,4,26998.999999999993
Hyundai,15,10340.000000000007
Honda,7,35499.99999999999
Dodge,9,20000.000000000015
Chevrolet,3,60000.000000000015
Jeep,5,35470.00000000001
RAM,3,46598.99999999996
Chrysler,20,13046.000000000002
Nissan,6,25883.99999999999
Audi,2,59900.00000000002
Mercedes-Benz,5,83998.99999999996
Acura,8,15750.000000000013
Land,2,175000.00000000012
Ford,6,48295.000000000044
BMW,17,18500.0
INFINITI,13,19899.999999999993
BMW,17,8000.0000000000055
Mazda,17,8500.000000000005
Porsche,26,12249.999999999993
Acura,6,25000.000000000007
Porsche,8,104999.99999999997
Lexus,9,62899.99999999995
Toyota,10,23499.999999999978
Maserati,10,17999.000000000007
Land,8,58000.00000000003
Chevrolet,12,10000.00000000001
BMW,19,4000.0000000000014
Acura,17,5000.000000000003
Lincoln,10,14899.999999999993
Kia,3,27875.00000000002
Bentley,22,34995.00000000002
Kia,4,23799.999999999993
Lexus,23,14999.99999999999
Land,13,14500.000000000004
Acura,2,53000.00000000002
GMC,19,14500.000000000004
GMC,2,84000.00000000003
Mercedes-Benz,9,23999.99999999999
MINI,6,23999.99999999999
Ford,2,57000.000000000044
Ford,4,56899.99999999997
Ford,16,28900.0
Land,8,24997.999999999993
GMC,9,21999.999999999993
Ford,9,39000.0
Ford,3,65994.00000000004
Hyundai,13,18999.999999999985
Jeep,3,65499.99999999995
BMW,3,45999.999999999956
Jaguar,5,46998.00000000004
Acura,19,14990.000000000004
Mazda,22,21999.999999999993
GMC,2,67799.99999999996
Mercedes-Benz,17,8900.000000000002
INFINITI,21,7500.0000000000055
Cadillac,12,21994.999999999985
MINI,8,20783.999999999985
BMW,11,20000.000000000015
Mercedes-Benz,12,31450.000000000007
RAM,8,24199.999999999985
BMW,14,10999.999999999993
Rolls-Royce,7,599000.0
Hyundai,3,41999.99999999999
Lexus,23,15999.000000000002
Jaguar,2,56998.00000000001
BMW,19,19500.0
Hyundai,3,27450.0
Lamborghini,6,209900.00000000017
Ford,2,77430.00000000004
Chevrolet,4,43666.000000000015
GMC,4,70250.00000000001
Ford,18,9000.0
BMW,17,20999.99999999998
Toyota,5,35000.00000000001
Porsche,6,80140.00000000003
Ford,2,89000.00000000004
Dodge,4,32998.99999999998
BMW,7,24994.999999999978
GMC,9,18399.999999999993
Ford,21,20499.999999999993
Hyundai,10,20150.00000000001
Mitsubishi,8,8750.000000000005
Mercedes-Benz,15,22500.000000000015
Mazda,10,11499.999999999998
BMW,17,28500.0
Mercedes-Benz,11,19249.999999999985
Ford,3,65998.99999999996
Tesla,8,42249.999999999985
Jeep,15,17500.000000000015
Honda,4,38997.99999999999
Acura,17,10000.00000000001
Lexus,11,17999.999999999993
Chevrolet,14,6999.999999999998
Mitsubishi,16,2999.9999999999995
Land,10,11994.99999999999
Nissan,2,28196.0
Audi,13,10999.999999999993
Rivian,2,92500.00000000007
Lexus,7,35700.00000000001
Chevrolet,7,37900.000000000015
Mercedes-Benz,8,84499.99999999994
Cadillac,12,8500.000000000005
INFINITI,5,36998.99999999997
Subaru,9,19500.0
Toyota,21,5500.000000000004
Chevrolet,4,35999.99999999998
BMW,4,37000.00000000001
Karma,7,55499.99999999997
Lexus,4,51798.000000000015
Alfa,6,28900.0
GMC,6,36499.99999999998
Lexus,12,10000.00000000001
Porsche,14,20900.000000000015
BMW,12,16999.99999999999
Chevrolet,3,74500.00000000001
Mercedes-Benz,8,55600.0
Jeep,27,6998.999999999999
Porsche,20,24900.00000000001
BMW,19,41999.99999999999
Chevrolet,3,39997.99999999999
BMW,14,10998.999999999998
RAM,3,46999.00000000002
Mercedes-Benz,5,299000.00000000006
Chevrolet,21,7999.0
BMW,5,54998.999999999956
BMW,3,84999.99999999994
Ferrari,9,254900.0000000001
Chevrolet,9,36799.999999999985
Mercedes-Benz,3,229000.00000000006
GMC,4,56899.99999999997
Mitsubishi,3,32999.99999999999
Ford,6,91000.00000000009
MINI,15,8000.0000000000055
Toyota,16,6998.999999999999
Cadillac,18,9750.000000000002
Audi,9,19500.0
Chevrolet,17,7200.000000000005
Jaguar,13,36949.0
Porsche,3,179900.00000000006
Ford,3,77534.99999999999
Audi,14,8299.999999999993
Cadillac,7,22998.999999999993
Ford,6,37000.00000000001
Mercedes-Benz,11,72998.99999999997
Jeep,14,35000.00000000001
BMW,10,42800.00000000002
Tesla,7,59499.99999999996
Maserati,5,52899.99999999998
Pontiac,24,20999.99999999998
Ford,3,57352.00000000004
Ferrari,5,469900.00000000023
Tesla,4,68999.99999999997
Land,3,139499.9999999999
BMW,14,9999.00000000001
BMW,10,14999.99999999999
Cadillac,8,32998.99999999998
BMW,11,12998.99999999999
Lexus,8,31000.000000000015
MINI,9,13999.0
Ford,7,35000.00000000001
INFINITI,9,21499.999999999985
Lexus,13,14999.99999999999
Dodge,5,38000.000000000015
Lexus,8,29999.99999999999
Nissan,8,26500.000000000004
Subaru,12,9999.00000000001
BMW,9,49999.00000000001
INFINITI,5,31450.000000000007
Rolls-Royce,2,599995.0000000003
Ford,9,30490.0
Toyota,5,35200.00000000001
Honda,25,35000.00000000001
Jeep,4,41328.999999999985
Ford,2,54000.00000000001
Ford,3,68420.00000000003
Toyota,2,91994.99999999993
Plymouth,24,28500.0
Alfa,2,43899.99999999997
Chevrolet,21,12998.000000000007
Mitsubishi,12,28000.00000000002
Mercedes-Benz,7,42995.0
Audi,14,73999.99999999997
Ford,18,2999.9999999999995
BMW,18,8500.000000000005
Chevrolet,14,13999.999999999995
BMW,9,36994.99999999999
Mercedes-Benz,13,38499.99999999997
Cadillac,6,51899.999999999985
Chevrolet,7,52888.99999999996
Lexus,10,49994.99999999997
Kia,4,21899.999999999993
Land,7,53499.00000000001
Nissan,8,32324.000000000007
Honda,6,27499.99999999998
Subaru,8,23750.000000000022
Audi,6,27899.999999999978
Ford,7,25000.000000000007
Chevrolet,13,17999.999999999993
Mercedes-Benz,11,12000.0
BMW,5,26998.999999999993
Maserati,13,37900.000000000015
Ford,4,57479.99999999999
Audi,18,10995.000000000007
Land,9,26500.000000000004
Ford,3,49599.0
Chevrolet,18,10749.999999999993
Nissan,17,6998.999999999999
INFINITI,8,17500.000000000015
Ford,4,77900.0
Acura,9,16499.999999999993
Nissan,12,15500.00000000001
Chevrolet,4,47000.0
Porsche,7,59799.99999999998
Acura,5,43500.00000000003
Kia,6,23754.000000000007
Hyundai,4,29600.000000000007
Ford,8,50000.000000000015
BMW,4,50999.999999999985
Mitsubishi,16,5100.000000000004
Nissan,6,19500.0
Buick,10,18949.999999999985
Lexus,21,7900.000000000007
Lexus,6,44950.0
Ford,8,45985.0
Kia,12,5500.000000000004
GMC,5,29899.999999999996
Porsche,7,35000.00000000001
Lexus,10,23999.99999999999
Audi,5,49994.99999999997
GMC,23,4999.000000000004
Lamborghini,4,279899.99999999994
INFINITI,11,12500.0
Chevrolet,17,23499.999999999978
Maserati,17,12999.999999999995
Acura,30,10998.999999999998
BMW,9,48600.000000000015
Chrysler,9,17500.000000000015
Chrysler,11,11250.0
Acura,2,48997.99999999997
Chevrolet,4,72900.0
Chevrolet,6,41500.000000000015
Mercedes-Benz,12,12999.999999999995
Ford,3,77900.0
Nissan,14,4000.0000000000014
BMW,1,145000.00000000012
Hyundai,12,6500.000000000003
Mercedes-Benz,7,60000.000000000015
Porsche,2,279950.0000000002
Mercedes-Benz,5,117900.00000000009
Audi,11,22500.000000000015
Cadillac,2,68750.00000000003
Volvo,6,29999.99999999999
Mercedes-Benz,6,83000.0
GMC,8,29999.99999999999
Lexus,9,17999.999999999993
Jaguar,7,25999.999999999985
BMW,2,117499.99999999996
Honda,8,25999.999999999985
Toyota,6,30499.99999999998
Ford,4,32454.99999999998
Dodge,8,37000.00000000001
Mercedes-Benz,3,41597.99999999999
Tesla,7,49900.000000000015
INFINITI,8,22999.999999999993
BMW,9,19500.0
Pontiac,24,10500.000000000005
Nissan,10,29500.000000000007
Lexus,5,33363.999999999985
BMW,12,28999.999999999996
Lexus,8,28449.99999999999
Porsche,13,17999.000000000007
Pontiac,18,17900.0
Porsche,10,51950.000000000044
BMW,7,40950.0
Ford,6,45950.00000000001
MINI,15,6698.9999999999945
Mazda,10,12000.0
Mitsubishi,14,26999.999999999978
Chevrolet,11,10995.000000000007
Cadillac,10,19425.0
Acura,4,39798.0
Land,10,19500.0
Chevrolet,10,26900.000000000004
Chevrolet,9,31999.999999999993
Chevrolet,14,20995.000000000004
Cadillac,6,27998.000000000007
Nissan,6,28999.999999999996
Audi,3,39997.99999999999
BMW,8,64999.999999999956
BMW,13,12700.0
Toyota,5,61598.99999999995
Volkswagen,11,14999.99999999999
Honda,13,12980.000000000004
Land,11,22500.000000000015
Hyundai,7,20000.000000000015
Cadillac,6,32367.99999999999
Jaguar,7,74899.99999999999
Toyota,11,41500.000000000015
Toyota,6,41999.99999999999
Nissan,32,6999.999999999998
RAM,8,42500.00000000003
Ford,11,9498.999999999995
Mercedes-Benz,5,49994.99999999997
Acura,17,11499.999999999998
Land,13,16000.000000000002
MINI,3,28000.00000000002
Mazda,6,27499.99999999998
Acura,2,41998.00000000001
Ford,4,72949.99999999996
Honda,5,27499.99999999998
Hyundai,7,15900.000000000004
Ford,24,8000.0000000000055
Jaguar,8,45998.99999999999
Honda,3,38999.00000000002
Pontiac,19,5994.999999999995
Mercedes-Benz,4,38997.99999999999
Toyota,18,23977.000000000007
Buick,5,31650.000000000022
Chevrolet,10,25000.000000000007
Bentley,12,77999.00000000004
Mercedes-Benz,10,30499.99999999998
Cadillac,3,86998.99999999997
BMW,10,24994.999999999978
MINI,18,6250.000000000005
Bentley,13,46999.00000000002
Lexus,2,64900.00000000002
Audi,11,15495.000000000011
Cadillac,5,45479.99999999998
GMC,16,20000.000000000015
Nissan,16,71999.00000000004
Dodge,18,16000.000000000002
Ford,4,54998.999999999956
Nissan,10,95000.00000000001
Cadillac,4,104999.99999999997
Chevrolet,13,4899.999999999998
Lexus,5,47448.999999999985
BMW,7,41249.999999999985
Ford,4,39995.000000000015
BMW,10,20949.999999999985
Mitsubishi,21,8950.0
Lexus,7,58999.99999999997
Tesla,10,28000.00000000002
Lexus,4,158999.99999999997
Mazda,22,11499.999999999998
Cadillac,4,81499.99999999997
Lexus,3,51899.999999999985
Nissan,11,12999.999999999995
GMC,10,24439.99999999998
BMW,22,14999.99999999999
Lexus,18,3994.9999999999986
BMW,13,22500.000000000015
Mitsubishi,18,6749.9999999999945
Ford,21,13500.000000000004
Tesla,3,46597.99999999997
Buick,14,4000.0000000000014
Ford,7,29999.99999999999
Lexus,9,18999.999999999985
Acura,17,15999.000000000002
Mercury,32,4200.000000000004
Ford,15,9984.99999999999
BMW,4,50000.000000000015
Jeep,3,47000.0
Hummer,22,12500.0
Mercedes-Benz,11,41500.000000000015
Lamborghini,9,399900.0
Mercedes-Benz,9,64999.999999999956
Nissan,16,57000.000000000044
Audi,14,94899.99999999999
Acura,5,31999.999999999993
Audi,9,21999.999999999993
Porsche,14,27499.99999999998
Saturn,17,14500.000000000004
Maserati,19,16999.99999999999
Volvo,3,66000.0
Jeep,9,21999.999999999993
BMW,9,27899.000000000007
BMW,8,50000.000000000015
Volkswagen,12,20000.000000000015
Alfa,7,27499.99999999998
BMW,8,27499.000000000022
BMW,7,49000.000000000015
Lexus,7,30499.99999999998
Lamborghini,19,129000.0000000001
BMW,11,16700.000000000007
BMW,6,36499.99999999998
Porsche,27,11994.99999999999
Alfa,8,20999.99999999998
Mercedes-Benz,6,28998.000000000004
Nissan,9,31950.000000000015
Rivian,2,99000.00000000004
Chevrolet,8,28999.999999999996
Ford,6,19394.999999999985
BMW,14,12975.000000000007
Buick,6,26999.999999999978
Buick,6,24990.999999999993
Porsche,12,34899.99999999998
Audi,3,78500.00000000004
Jaguar,26,16370.000000000005
Audi,4,172899.9999999999
Honda,3,44997.99999999998
Lexus,10,28000.00000000002
Mercedes-Benz,3,199999.99999999997
Toyota,21,12999.999999999995
Jeep,23,12500.0
Cadillac,6,76699.99999999994
BMW,14,50899.999999999985
BMW,10,22999.999999999993
Chevrolet,3,28494.999999999978
Ford,25,9950.000000000007
Audi,6,38999.00000000002
Ford,8,19995.00000000001
Ford,3,29181.99999999998
BMW,3,84995.00000000001
Land,3,104900.00000000007
Mercedes-Benz,4,60998.00000000003
Nissan,8,112999.99999999993
Chrysler,10,12700.0
Hummer,22,17500.000000000015
BMW,5,62450.00000000001
Audi,4,61999.99999999997
Land,13,19950.00000000001
Nissan,13,16999.99999999999
Toyota,10,13999.999999999995
Audi,12,23999.99999999999
Ford,7,45023.00000000003
BMW,10,19996.000000000004
Land,5,55000.00000000004
Mercedes-Benz,5,72597.99999999994
Porsche,17,35000.00000000001
Dodge,19,4000.0000000000014
Mercedes-Benz,16,65700.00000000004
Chrysler,17,4899.999999999998
Chevrolet,4,99899.99999999996
Ford,2,54000.00000000001
Toyota,7,42900.000000000015
RAM,6,39899.99999999998
Ford,7,60866.99999999997
Tesla,7,30499.000000000022
Land,2,171999.99999999988
Volvo,6,28999.999999999996
Lexus,10,33900.00000000001
Tesla,7,51899.999999999985
Cadillac,2,68999.99999999997
Chevrolet,18,16498.999999999985
Chevrolet,12,44999.999999999985
Audi,5,52499.99999999997
Honda,6,32471.000000000007
Acura,2,38597.99999999997
Porsche,2,145000.00000000012
Cadillac,20,4999.000000000004
Dodge,4,41950.00000000003
Audi,8,59200.000000000044
Lexus,13,14945.000000000013
Hyundai,10,16999.99999999999
Tesla,5,62999.99999999995
Mercedes-Benz,3,56999.000000000044
Toyota,3,33499.00000000001
Porsche,5,55997.999999999985
Dodge,7,44699.999999999985
Lexus,12,29995.000000000007
Kia,12,9000.0
Bentley,9,103900.00000000001
Alfa,5,28900.0
Lexus,2,124998.99999999991
Porsche,5,104999.99999999997
Toyota,8,37998.999999999985
Kia,4,28999.999999999996
RAM,4,40999.00000000003
Chevrolet,17,31000.000000000015
Chevrolet,3,99999.00000000003
Jaguar,11,32449.99999999998
Audi,12,20998.999999999985
Audi,6,49935.999999999956
Kia,5,41998.99999999998
Toyota,7,23994.999999999993
Toyota,3,47998.99999999998
BMW,24,25000.000000000007
Jeep,11,20999.99999999998
Toyota,2,82500.00000000001
Porsche,9,32950.00000000002
Lexus,15,9449.999999999995
GMC,6,58499.99999999996
Kia,2,31499.999999999996
Porsche,11,16975.0
Mercedes-Benz,10,55000.00000000004
Lexus,8,31950.000000000015
Acura,6,41898.99999999997
Audi,2,48698.000000000015
BMW,8,31000.000000000015
Kia,10,8500.000000000005
Toyota,20,22500.000000000015
Land,12,20999.99999999998
Nissan,2,48000.00000000003
Ford,6,52499.99999999997
Mercedes-Benz,8,75000.00000000004
Cadillac,7,54000.00000000001
Tesla,6,31999.999999999993
BMW,8,55000.00000000004
Chevrolet,13,5500.000000000004
Dodge,15,21999.999999999993
Mercedes-Benz,9,33489.99999999998
Ford,6,73499.99999999997
Chevrolet,10,25649.99999999999
Audi,7,30949.999999999996
Jeep,10,7599.000000000004
INFINITI,11,18994.999999999993
BMW,12,12000.0
Tesla,7,36997.99999999997
Land,2,155000.00000000012
Nissan,29,15500.00000000001
Cadillac,11,14999.99999999999
Toyota,15,9900.000000000004
Acura,14,5500.000000000004
Mercedes-Benz,5,133000.00000000012
Honda,3,24499.99999999998
BMW,14,29999.000000000007
BMW,17,38489.999999999985
Nissan,15,6749.9999999999945
RAM,11,12999.999999999995
Acura,7,23499.999999999978
Toyota,7,32999.99999999999
RAM,6,49500.0
Chevrolet,22,21999.999999999993
Land,5,67999.99999999999
Jeep,14,14994.999999999989
Volvo,16,10500.000000000005
Porsche,11,37000.00000000001
Mazda,4,22388.99999999998
Chrysler,13,8500.000000000005
INFINITI,12,23899.999999999993
Toyota,18,14949.999999999987
Chevrolet,6,36949.99999999998
Mercedes-Benz,13,40000.0
BMW,9,20998.999999999985
Lexus,8,32899.999999999985
Porsche,9,44999.999999999985
Cadillac,8,47000.0
Lexus,10,27499.99999999998
Mercedes-Benz,11,18999.999999999985
Audi,3,40798.0
Mercedes-Benz,11,17999.000000000007
Chevrolet,8,19800.00000000001
RAM,3,45998.99999999999
Chevrolet,11,25999.999999999985
Toyota,18,14994.999999999989
Jaguar,10,38499.99999999997
Jeep,4,40458.999999999985
RAM,4,42816.00000000003
Porsche,10,29995.000000000007
Chevrolet,23,10400.000000000002
Porsche,10,37500.000000000015
Dodge,6,35998.0
Lexus,15,10999.999999999993
Audi,10,13500.000000000004
Mercedes-Benz,9,33995.00000000002
BMW,10,31999.999999999993
Porsche,9,50999.00000000001
INFINITI,16,12500.0
Ford,5,29999.000000000007
Chevrolet,8,31999.999999999993
RAM,5,43250.00000000001
Chevrolet,24,6500.000000000003
RAM,3,49700.00000000002
Porsche,7,147499.99999999997
Ford,9,23998.999999999985
Hyundai,22,2900.0000000000005
Audi,3,40597.99999999998
Ford,4,43641.99999999997
Lexus,10,43000.00000000002
Chevrolet,10,22999.999999999993
Land,3,114999.99999999991
Dodge,22,65498.999999999956
RAM,5,48815.00000000003
BMW,11,13800.000000000011
Mercedes-Benz,6,45769.99999999996
BMW,10,32998.99999999998
BMW,17,7299.999999999996
Ford,2,84999.99999999994
Chevrolet,2,47000.0
Mercedes-Benz,32,22500.000000000015
Cadillac,5,61500.00000000001
RAM,2,69899.99999999996
Audi,20,6900.000000000005
RAM,4,41999.99999999999
Mazda,16,5498.999999999999
INFINITI,8,17999.999999999993
Ford,8,53000.00000000002
Jeep,3,28297.999999999993
INFINITI,2,78990.00000000007
Chevrolet,3,57000.000000000044
Hyundai,15,8900.000000000002
Chevrolet,4,43500.00000000003
Chevrolet,28,19500.0
Audi,11,26500.000000000004
Land,2,69899.99999999996
Porsche,9,41999.99999999999
Chevrolet,6,39000.0
Chevrolet,6,49900.000000000015
Dodge,9,8100.000000000006
Ford,6,42500.00000000003
Toyota,23,3950.000000000003
Ford,11,28500.0
Chevrolet,5,84999.0
Hyundai,9,20998.999999999985
Ford,11,9494.999999999996
Cadillac,14,16498.999999999985
Subaru,22,14899.999999999993
Toyota,6,30275.000000000004
Chevrolet,6,63900.000000000015
Dodge,5,61999.99999999997
Acura,15,9000.0
Chevrolet,7,41100.00000000002
BMW,11,25999.999999999985
Audi,11,15400.00000000001
Alfa,8,20499.999999999993
Toyota,2,44595.99999999997
Rolls-Royce,14,80300.00000000004
Dodge,5,34000.0
Porsche,9,25899.999999999985
Chevrolet,5,24900.00000000001
Mercedes-Benz,5,48000.00000000003
Dodge,2,109999.99999999991
Chevrolet,3,68589.99999999996
Mercedes-Benz,8,72776.99999999996
Chevrolet,8,36590.000000000015
Lexus,9,30919.000000000025
Lamborghini,4,229900.00000000006
GMC,10,12432.99999999999
Porsche,9,138998.99999999994
MINI,22,5994.999999999995
Mazda,17,13250.0
Toyota,6,33333.00000000003
Toyota,17,9000.0
BMW,11,23999.99999999999
Hyundai,2,55000.00000000004
Pontiac,17,19950.00000000001
Land,7,38999.00000000002
Porsche,11,33499.99999999998
BMW,2,95579.99999999994
Toyota,17,7900.000000000007
BMW,14,26999.999999999978
Porsche,7,53998.99999999999
Jeep,24,14999.99999999999
Honda,2,39998.99999999997
Mercedes-Benz,12,40249.999999999985
Audi,18,29995.000000000007
Toyota,3,39390.000000000015
Mercedes-Benz,17,11899.999999999996
GMC,4,74500.00000000001
Porsche,8,77999.99999999994
Ford,4,36994.99999999999
Land,9,31000.000000000015
Acura,2,52000.000000000044
Toyota,5,42997.999999999985
Hummer,15,13500.000000000004
Tesla,7,25899.999999999985
Volvo,30,4499.999999999999
Jeep,8,26800.000000000022
Chevrolet,7,39000.0
Audi,10,29949.999999999996
Audi,13,28900.0
INFINITI,13,11499.999999999998
Volkswagen,24,12000.0
Audi,3,44997.99999999998
Lamborghini,8,449991.00000000035
Ford,11,27899.999999999978
GMC,3,71999.00000000004
Audi,13,10500.000000000005
Dodge,9,38000.000000000015
Tesla,8,35999.99999999998
Mazda,4,25382.000000000007
Lexus,9,27499.99999999998
Jeep,17,20000.000000000015
Chevrolet,18,17949.999999999996
Jeep,3,44646.0
Acura,2,58998.00000000001
Nissan,7,14500.000000000004
Tesla,6,58000.00000000003
Subaru,3,24997.999999999993
Audi,11,22500.000000000015
Subaru,3,38499.99999999997
Chevrolet,18,16899.999999999985
Porsche,10,25000.000000000007
BMW,16,14999.99999999999
GMC,3,49900.000000000015
Ford,9,20000.000000000015
Cadillac,4,479995.0000000002
Lexus,4,82000.0
BMW,17,25998.999999999985
Nissan,14,12000.0
Ford,12,11499.999999999998
Volkswagen,9,16000.000000000002
Cadillac,13,41500.000000000015
Aston,3,156900.00000000012
Lexus,10,37500.000000000015
GMC,6,25500.0
Ford,4,28979.000000000004
Nissan,4,39884.00000000002
Volkswagen,13,9498.999999999995
Land,6,64999.999999999956
RAM,8,41999.99999999999
Nissan,15,6999.999999999998
Cadillac,16,12349.999999999993
BMW,9,26998.999999999993
Ford,8,37000.00000000001
Lexus,11,13999.999999999995
Buick,8,20599.000000000015
BMW,10,53500.000000000044
Volkswagen,5,29999.99999999999
BMW,12,19950.00000000001
INFINITI,19,10995.000000000007
Hummer,17,55000.00000000004
Mercedes-Benz,14,15990.000000000005
Acura,6,25999.999999999985
Porsche,10,154900.00000000003
RAM,6,40995.00000000002
BMW,24,39000.0
Chevrolet,3,60893.999999999985
Dodge,15,17700.000000000007
Chevrolet,13,26950.000000000022
Dodge,15,12000.0
Jeep,3,42599.00000000004
Chevrolet,7,44999.999999999985
Ford,4,73599.99999999997
Ford,10,39950.00000000003
Chevrolet,2,98000.00000000003
Bentley,5,199991.0
Lincoln,9,23999.99999999999
Ford,24,16999.99999999999
Land,7,29992.999999999996
Land,3,96500.00000000003
Chevrolet,11,25500.0
Mercedes-Benz,8,99000.00000000004
Ford,6,40099.99999999999
Tesla,3,36750.00000000003
Lexus,7,69499.99999999996
INFINITI,6,28999.999999999996
Rivian,2,97500.0
Land,8,35999.00000000002
INFINITI,11,14195.00000000001
Hyundai,12,10999.999999999993
Toyota,3,55000.00000000004
Jeep,5,31000.000000000015
Ford,20,12999.999999999995
Tesla,4,55000.00000000004
Mercedes-Benz,11,27499.99999999998
RAM,11,34000.0
Kia,3,37500.000000000015
Hyundai,10,16999.99999999999
Jeep,5,25695.00000000001
Ford,14,6000.000000000005
Toyota,11,27499.99999999998
BMW,7,29998.000000000025
Dodge,4,64999.999999999956
Hyundai,10,12999.999999999995
Volkswagen,4,39127.00000000003
Land,9,35000.00000000001
Nissan,4,29509.999999999985
Buick,5,31699.999999999996
Chevrolet,5,41985.99999999998
Pontiac,16,10000.00000000001
BMW,10,22500.000000000015
Tesla,6,28999.999999999996
MINI,6,26750.00000000001
Porsche,9,67995.0
Ford,14,14300.000000000002
Bentley,3,289991.0000000002
BMW,8,45999.999999999956
Ford,14,21999.999999999993
Jeep,9,5000.000000000003
INFINITI,17,14999.99999999999
Ford,3,47500.000000000015
Porsche,18,72995.00000000006
INFINITI,20,18900.000000000004
Chrysler,12,13750.000000000005
Toyota,18,6799.999999999996
Lexus,7,28995.000000000007
Buick,5,29444.000000000025
BMW,3,89995.00000000001
Pontiac,20,21999.0
Toyota,12,36740.00000000002
Hyundai,11,7500.0000000000055
Porsche,10,29500.000000000007
Hummer,18,9995.00000000001
Tesla,4,37000.00000000001
Ford,7,17999.999999999993
Rivian,3,82000.0
Audi,13,17999.999999999993
Toyota,2,46499.999999999985
Tesla,7,29999.000000000007
Ford,28,9000.0
Mercedes-Benz,4,130000.00000000009
Subaru,17,12500.0
Mercedes-Benz,11,18700.00000000001
BMW,24,20999.99999999998
Mercedes-Benz,11,14500.000000000004
Toyota,18,11499.999999999998
Dodge,11,6498.9999999999945
BMW,7,34000.0
RAM,8,32998.99999999998
Mercedes-Benz,10,20398.999999999985
Jeep,5,47500.000000000015
Bentley,16,62999.99999999995
Tesla,6,38200.0
Chevrolet,4,83900.00000000003
Audi,10,18999.999999999985
Mazda,4,28000.00000000002
Bentley,7,115784.9999999999
Mercedes-Benz,20,6999.999999999998
BMW,10,59900.00000000002
GMC,10,22998.999999999993
BMW,24,11799.999999999998
Toyota,15,26900.000000000004
Chrysler,18,14999.99999999999
smart,17,5000.000000000003
Toyota,7,38000.000000000015
Hummer,21,16499.999999999993
BMW,10,28999.999999999996
Land,17,7500.0000000000055
Audi,7,27899.999999999978
Ford,8,12500.0
Mercedes-Benz,11,28500.0
Jeep,3,49999.00000000001
Mercedes-Benz,11,21499.999999999985
Jeep,17,9000.0
Mercedes-Benz,6,30499.99999999998
Chevrolet,16,4200.000000000004
Hummer,19,17900.0
BMW,10,53000.00000000002
Cadillac,16,36499.99999999998
Lincoln,8,12500.0
Chevrolet,19,4000.0000000000014
Land,6,49900.000000000015
Nissan,4,32612.000000000007
Kia,3,47541.00000000003
Chevrolet,2,67190.00000000006
Ford,6,40999.99999999999
BMW,8,18300.0
Land,8,31598.999999999993
Porsche,15,51750.00000000002
INFINITI,14,12000.0
RAM,5,45515.000000000015
BMW,1,90000.00000000001
MINI,8,17389.999999999993
Cadillac,4,95000.00000000001
Audi,8,139999.9999999999
RAM,4,43448.999999999985
Porsche,11,85500.00000000006
Bentley,16,48499.99999999998
Toyota,10,26999.999999999978
Toyota,19,16899.999999999985
Cadillac,6,28999.999999999996
Ford,11,10995.000000000007
BMW,4,86899.99999999997
Land,6,60499.99999999998
Cadillac,9,30499.99999999998
Acura,32,90199.99999999996
Chevrolet,7,87149.99999999994
Audi,10,15400.00000000001
BMW,5,99998.0
Maserati,7,43000.00000000002
BMW,5,30798.000000000025
Ford,2,63499.99999999998
Nissan,19,8500.000000000005
Subaru,3,32499.99999999997
Chevrolet,7,17500.000000000015
Ford,8,13894.999999999989
Nissan,4,25500.0
Volvo,19,10299.000000000005
Lincoln,4,48000.00000000003
Mercedes-Benz,7,84499.99999999994
Ford,8,20999.99999999998
Ford,26,8000.0000000000055
GMC,7,35898.99999999997
RAM,5,44899.99999999997
Tesla,4,44999.999999999985
Lexus,14,9999.00000000001
Jeep,9,32798.0
Volvo,7,30499.99999999998
Porsche,9,210000.0
BMW,8,58000.00000000003
Cadillac,12,20499.999999999993
BMW,7,31999.999999999993
BMW,5,56597.999999999985
Mitsubishi,7,19500.0
Dodge,15,12995.000000000005
Subaru,10,11498.000000000004
Mercedes-Benz,9,79998.99999999994
Kia,2,31899.99999999999
Porsche,17,69499.99999999996
Hummer,18,10000.00000000001
Buick,11,11199.999999999998
Chevrolet,5,48888.999999999985
Toyota,9,28999.999999999996
Cadillac,10,18799.999999999993
Subaru,10,14999.99999999999
Tesla,7,30499.000000000022
Ford,8,16499.999999999993
Tesla,3,49500.0
Ford,8,26999.999999999978
Chevrolet,4,42589.99999999998
BMW,9,22998.00000000002
BMW,14,20000.000000000015
Ford,13,14999.99999999999
Land,2,124000.00000000007
Porsche,9,29999.99999999999
Kia,3,40598.99999999998
BMW,8,26125.000000000015
Maserati,19,17999.999999999993
Ford,8,25999.999999999985
Land,22,6000.000000000005
Ford,17,14999.99999999999
Ford,11,15500.00000000001
Land,13,10200.000000000004
Cadillac,2,109900.00000000003
GMC,4,51499.99999999997
BMW,16,19500.0
Porsche,22,23999.99999999999
Audi,3,42598.0
Lexus,5,43599.000000000015
Audi,7,38000.000000000015
Chevrolet,6,35669.99999999999
Chevrolet,6,36139.000000000015
Audi,7,32999.99999999999
Mazda,17,6299.999999999997
Jaguar,4,42998.99999999997
Ferrari,6,215000.0
Toyota,24,7799.999999999997
Ford,22,17999.000000000007
Porsche,3,133999.9999999999
Subaru,9,34000.0
Audi,4,40000.0
Tesla,7,59999.00000000002
Mercedes-Benz,7,148499.99999999988
Acura,4,40597.99999999998
Audi,12,20900.000000000015
Lotus,15,55000.00000000004
Mercedes-Benz,6,77900.0
Chevrolet,2,59589.99999999998
Hyundai,12,17999.999999999993
BMW,4,70999.99999999994
BMW,11,14999.99999999999
Land,9,23999.99999999999
Porsche,7,145000.00000000012
RAM,4,52000.000000000044
BMW,5,57997.999999999956
Acura,7,143900.00000000003
Mercedes-Benz,20,13999.999999999995
Lexus,23,15999.000000000002
Chevrolet,25,27499.99999999998
Buick,4,42441.99999999997
Lexus,5,33200.00000000003
Lexus,3,54798.00000000001
Chevrolet,20,7999.0
Mercedes-Benz,10,39997.99999999999
Chevrolet,6,52499.99999999997
Ford,10,17100.000000000004
INFINITI,5,32099.999999999996
Bentley,17,81499.99999999997
Nissan,18,9975.000000000004
Rivian,2,95500.00000000001
McLaren,8,139000.00000000003
Nissan,13,8999.000000000004
Land,10,26499.000000000007
BMW,8,23299.999999999996
INFINITI,13,15600.00000000001
Ford,6,32769.00000000001
Lexus,15,10900.000000000004
Maserati,7,34899.99999999998
Volvo,7,28825.0
Lamborghini,5,267949.9999999998
Jeep,8,47500.000000000015
Hummer,20,22500.000000000015
Ford,16,7500.0000000000055
Porsche,5,124994.99999999991
Toyota,18,9500.000000000005
Mercedes-Benz,5,28900.0
BMW,16,19998.999999999985
Chevrolet,3,50000.000000000015
Volkswagen,2,44999.999999999985
Chevrolet,3,73995.00000000003
Nissan,5,23599.0
Bentley,5,188500.00000000003
Toyota,2,84999.99999999994
Acura,12,15499.00000000001
Toyota,5,39686.99999999999
Ford,4,26298.999999999993
Jaguar,9,54899.99999999997
GMC,7,50999.999999999985
Chevrolet,7,34499.99999999997
Maserati,4,84644.99999999997
Subaru,4,33530.99999999999
Mercedes-Benz,7,40888.0
Mercedes-Benz,14,16499.999999999993
Ford,8,35900.00000000002
Hyundai,5,37699.99999999997
Ford,4,48459.00000000003
Mercedes-Benz,17,8994.999999999993
Chevrolet,7,44999.999999999985
Jeep,9,22999.999999999993
Chevrolet,31,6000.000000000005
Jaguar,30,18999.999999999985
BMW,13,17800.00000000001
Lexus,5,51889.99999999997
Tesla,4,66900.00000000001
Volkswagen,8,15995.0
Jeep,3,41599.000000000015
Jaguar,24,9874.999999999996
Porsche,9,41500.000000000015
Mercedes-Benz,11,15500.00000000001
Mercedes-Benz,10,30089.000000000025
Land,8,47000.0
Mercedes-Benz,15,13999.0
Dodge,23,5500.000000000004
Chevrolet,7,54000.00000000001
Hummer,18,12900.0
Honda,3,37950.000000000015
Nissan,17,13500.000000000004
GMC,8,38000.000000000015
Mercedes-Benz,15,13599.999999999993
Lexus,5,45899.999999999985
Nissan,8,23799.999999999993
Chrysler,5,28250.0
Dodge,19,9200.0
Nissan,5,28999.00000000001
Rivian,2,93499.99999999991
Ford,7,30509.999999999993
Nissan,4,38000.000000000015
Jaguar,6,28999.999999999996
Ford,11,26900.000000000004
GMC,4,43999.0
Lamborghini,20,219999.99999999983
Chevrolet,14,10900.000000000004
GMC,12,13999.999999999995
Chevrolet,4,28000.00000000002
Toyota,18,12500.0
Lexus,4,43999.99999999997
Tesla,3,51998.99999999997
Dodge,17,10500.000000000005
Chrysler,20,3499.9999999999977
Cadillac,4,89000.00000000004
Chrysler,16,7900.000000000007
Mazda,9,14311.000000000011
Acura,20,4899.999999999998
Chevrolet,2,178999.99999999994
Tesla,4,47500.000000000015
Volvo,5,26599.000000000015
Chevrolet,9,32499.99999999997
Acura,2,64999.999999999956
Volkswagen,18,10000.00000000001
Dodge,7,44888.0
Chevrolet,23,33999.00000000003
Mercedes-Benz,11,13500.000000000004
BMW,10,64999.999999999956
Jeep,6,39799.000000000015
Mitsubishi,14,5799.999999999996
Porsche,3,60000.000000000015
Mercedes-Benz,16,16499.999999999993
Dodge,14,22500.000000000015
Mazda,7,19211.999999999985
Audi,8,10995.000000000007
BMW,10,14999.99999999999
Land,6,62425.000000000015
Audi,7,39000.0
Porsche,8,45499.99999999997
Chevrolet,5,76000.0
Lamborghini,4,259991.00000000015
Maserati,13,26497.000000000015
Subaru,7,16000.000000000002
Mercedes-Benz,5,129000.0000000001
Mazda,9,14999.99999999999
Porsche,9,35999.99999999998
Porsche,14,21499.999999999985
Genesis,6,29999.000000000007
Jeep,4,33399.99999999997
Audi,7,28500.0
BMW,13,17500.000000000015
Land,2,164725.00000000006
Dodge,3,64682.99999999999
BMW,9,50500.00000000004
Ford,6,18300.0
Lincoln,10,9500.000000000005
Chevrolet,5,45999.999999999956
Ferrari,20,99999.00000000003
Ford,3,72900.0
Mercedes-Benz,18,11499.999999999998
Porsche,4,51697.999999999985
BMW,2,67899.99999999999
Mercedes-Benz,20,5799.999999999996
Acura,13,15050.999999999998
Hyundai,14,9950.000000000007
Mercedes-Benz,22,21999.999999999993
Toyota,25,15900.000000000004
RAM,7,41688.00000000002
Chevrolet,7,28499.00000000002
Porsche,3,68499.99999999999
Jeep,3,41599.000000000015
Mercedes-Benz,11,29998.000000000025
Dodge,19,4000.0000000000014
Porsche,4,79998.00000000003
Mercedes-Benz,11,23499.999999999978
Porsche,5,58598.00000000002
Cadillac,8,24590.000000000007
Toyota,2,68499.99999999999
Nissan,10,8249.999999999996
Mercedes-Benz,3,109999.99999999991
Buick,6,26771.999999999978
Porsche,10,144939.99999999997
BMW,12,11899.999999999996
Acura,7,20998.999999999985
Lexus,10,28000.00000000002
Toyota,15,22500.000000000015
Chevrolet,17,35900.00000000002
Mazda,10,12900.0
Jaguar,10,52499.99999999997
Audi,7,25500.0
Chevrolet,3,54899.99999999997
Jeep,7,38499.99999999997
Honda,4,25698.000000000004
Porsche,14,29999.99999999999
Ford,17,16000.000000000002
Toyota,18,24900.00000000001
Land,21,15500.00000000001
Porsche,7,55000.00000000004
Chevrolet,21,25500.0
Toyota,19,9498.999999999995
INFINITI,10,20470.000000000004
Cadillac,31,2989.999999999998
Chevrolet,10,32999.99999999999
Jeep,21,6500.000000000003
Toyota,14,23499.999999999978
BMW,15,8500.000000000005
Ford,23,14999.99999999999
Lexus,7,28000.00000000002
Cadillac,15,12900.0
Lexus,7,68494.99999999999
BMW,6,41999.99999999999
Chevrolet,27,9900.000000000004
Hummer,19,16899.999999999985
Volvo,17,6498.9999999999945
Jeep,16,9099.999999999995
Land,8,33499.99999999998
BMW,8,26500.000000000004
Ford,7,55000.00000000004
BMW,3,80000.0
Lexus,3,89000.00000000004
Honda,6,28324.000000000015
Porsche,13,41500.000000000015
BMW,16,14999.99999999999
Audi,6,41500.000000000015
Chrysler,10,12467.99999999999
Ford,4,33171.99999999998
Dodge,12,35000.00000000001
Ford,7,12000.0
RAM,9,43639.999999999985
Lotus,20,43999.99999999997
Chevrolet,18,27499.99999999998
Audi,12,17900.0
McLaren,7,171900.00000000003
Chevrolet,8,41400.00000000001
Chevrolet,5,39243.99999999998
Jeep,31,14999.99999999999
Acura,9,20999.99999999998
Chevrolet,6,27599.0
Lexus,10,21997.999999999996
Ford,4,43430.00000000002
Tesla,3,47998.0
Chevrolet,19,47500.000000000015
Cadillac,6,22500.000000000015
BMW,16,28750.000000000007
Mazda,6,19899.999999999993
Ford,3,34000.0
Toyota,7,35706.999999999985
BMW,4,53998.00000000003
Lincoln,22,5000.000000000003
Mercedes-Benz,18,8000.0000000000055
Ford,27,12500.0
Chevrolet,10,17999.999999999993
Ford,9,10999.999999999993
Audi,11,22999.999999999993
Chevrolet,8,34899.99999999998
Ford,3,43999.99999999997
Ford,9,21999.999999999993
Dodge,10,64989.99999999999
Toyota,6,39598.000000000015
Audi,2,47797.99999999999
Jeep,7,28999.00000000001
Genesis,8,29500.000000000007
Mercedes-Benz,16,44849.999999999956
Lexus,5,73000.00000000003
Kia,7,32499.99999999997
Nissan,4,131998.99999999994
Chevrolet,17,47900.0
Chevrolet,4,41885.00000000001
Chevrolet,9,29747.999999999993
Mercedes-Benz,11,17900.0
BMW,13,51899.999999999985
Bentley,3,269991.0000000002
Volkswagen,3,48000.00000000003
Ford,8,15499.00000000001
Honda,14,8900.000000000002
Dodge,18,19997.99999999998
Honda,5,25979.999999999993
Honda,9,12999.999999999995
Ford,6,46499.999999999985
Nissan,6,18998.000000000004
Land,5,63995.00000000005
BMW,23,21499.999999999985
Hummer,22,14999.99999999999
Mazda,16,13999.999999999995
Lexus,4,86999.99999999994
Chevrolet,3,64287.999999999985
Mercedes-Benz,2,122950.00000000004
Chevrolet,18,31999.999999999993
Ford,6,40000.0
Chevrolet,5,25800.0
Chevrolet,26,14999.99999999999
Land,7,32999.99999999999
Jeep,25,11998.999999999993
Toyota,10,25999.999999999985
Chevrolet,14,44999.999999999985
Chevrolet,7,54489.999999999956
Mercedes-Benz,24,9000.0
Nissan,9,21499.999999999985
Porsche,20,44799.999999999985
Chevrolet,6,24899.000000000007
Porsche,6,48990.00000000003
Mercedes-Benz,3,82150.00000000001
Toyota,8,64999.999999999956
BMW,4,61998.000000000015
Rivian,2,92500.00000000007
Toyota,5,38700.000000000015
Mercedes-Benz,14,40999.99999999999
Ford,23,18500.0
RAM,11,29999.99999999999
Ford,12,35000.00000000001
Toyota,3,49000.000000000015
Jeep,7,26816.000000000015
Ford,16,9500.000000000005
Porsche,2,194965.0
Chevrolet,2,88899.99999999996
Ford,26,9500.000000000005
Porsche,7,28000.00000000002
Acura,13,18999.999999999985
Chevrolet,8,29999.000000000007
Chevrolet,7,30988.99999999999
Mercedes-Benz,7,38879.99999999997
BMW,13,31000.000000000015
Ford,6,54499.99999999998
Toyota,6,29999.99999999999
Saturn,16,9500.000000000005
Lexus,13,20499.999999999993
Honda,21,3749.9999999999977
Ford,15,20000.000000000015
Ford,7,63999.99999999997
Porsche,9,49999.00000000001
Chevrolet,27,11499.999999999998
Ford,12,16000.000000000002
BMW,17,18200.00000000001
Lexus,9,25999.999999999985
Hyundai,3,19500.0
Ford,5,38499.99999999997
BMW,9,19500.0
Ford,11,10000.00000000001
Ford,5,39500.00000000001
Ford,4,62890.00000000002
Dodge,19,10999.999999999993
Honda,12,13999.999999999995
Land,5,43999.99999999997
Toyota,14,20000.000000000015
Ford,6,45997.99999999998
Mercedes-Benz,3,63999.99999999997
RAM,6,44999.999999999985
BMW,14,6000.000000000005
Ford,8,25000.000000000007
Chevrolet,9,30999.000000000022
Mazda,19,4999.000000000004
INFINITI,22,9500.000000000005
Chevrolet,13,11799.999999999998
Ford,15,9999.00000000001
Chevrolet,3,68999.99999999997
Mercedes-Benz,10,24499.99999999998
Ford,13,6500.000000000003
Subaru,3,28000.00000000002
Hyundai,14,12000.0
Chrysler,16,7858.0000000000055
Porsche,7,89750.00000000006
Honda,9,19899.999999999993
Mercedes-Benz,3,40998.0
Audi,6,49500.0
Ford,5,18900.000000000004
Dodge,3,36598.99999999997
BMW,10,13348.999999999995
Alfa,2,43899.99999999997
Mercedes-Benz,18,10198.99999999999
Ford,23,6450.000000000003
BMW,7,70000.00000000001
Volkswagen,3,41500.000000000015
Toyota,4,36990.0
GMC,11,13500.000000000004
Cadillac,9,16499.999999999993
Nissan,13,14800.00000000001
Ford,4,50999.999999999985
BMW,14,17999.999999999993
Toyota,4,43837.00000000003
Porsche,7,169000.00000000012
Toyota,20,11199.999999999998
Ford,2,92000.00000000007
Land,7,40000.0
Ford,17,15900.000000000004
Porsche,7,39750.00000000002
Mercedes-Benz,11,44999.999999999985
Nissan,11,8500.000000000005
Jeep,5,42850.00000000001
Porsche,2,185950.00000000006
Ford,6,58999.99999999997
Ford,9,12500.0
Honda,12,6000.000000000005
BMW,7,16999.99999999999
Acura,18,7699.999999999996
Chevrolet,4,59979.99999999996
Chevrolet,4,68995.00000000003
Cadillac,19,14999.99999999999
Kia,3,29998.000000000025
BMW,4,37400.00000000001
Porsche,4,83498.99999999993
Honda,17,61999.99999999997
Lexus,15,9500.000000000005
Lincoln,12,21499.999999999985
Ford,5,37500.000000000015
Kia,4,19980.000000000015
Bentley,4,239990.99999999983
Tesla,13,28999.999999999996
BMW,11,34499.99999999997
BMW,10,12949.999999999996
Ford,12,16489.999999999996
Buick,10,16000.000000000002
Mercedes-Benz,20,22500.000000000015
MINI,13,8500.000000000005
Porsche,8,52999.000000000015
Saturn,16,4399.999999999996
RAM,7,56749.99999999999
RAM,6,43999.99999999997
Chevrolet,2,48499.99999999998
Lexus,4,49998.0
Mazda,2,36899.99999999999
Cadillac,13,11498.999999999996
FIAT,12,9000.0
Mercedes-Benz,3,69499.99999999996
MINI,16,6949.999999999996
BMW,3,74998.99999999996
Lexus,12,24900.00000000001
Genesis,2,57299.999999999956
MINI,9,17999.000000000007
Land,2,57618.99999999997
BMW,5,38899.99999999997
Jeep,14,12500.0
Toyota,7,26450.00000000002
Porsche,24,31994.99999999999
Jeep,5,39500.00000000001
Dodge,7,62999.00000000004
Jeep,8,17500.000000000015
Ford,4,61500.00000000001
Jaguar,14,9400.000000000002
RAM,3,51074.000000000015
Volkswagen,9,16750.00000000001
Porsche,9,38000.000000000015
BMW,5,60000.000000000015
Lexus,12,16499.999999999993
GMC,5,25500.0
Nissan,3,24979.99999999998
Volvo,3,36499.99999999998
Subaru,12,12500.0
RAM,3,46999.00000000002
Porsche,28,8500.000000000005
Ford,5,33499.99999999998
Ford,12,22999.999999999993
Ford,21,17999.999999999993
BMW,2,129000.0000000001
Porsche,9,66200.00000000001
Mazda,13,6000.000000000005
GMC,9,32749.999999999978
Mercedes-Benz,3,111000.00000000004
Mercedes-Benz,14,11899.999999999996
RAM,3,50203.99999999997
Lexus,6,32499.99999999997
BMW,11,21799.999999999996
GMC,8,34000.0
Honda,9,22999.999999999993
Audi,4,37498.99999999998
Porsche,30,97992.99999999991
Honda,5,18387.000000000004
Mercedes-Benz,7,204899.99999999983
Porsche,3,86998.99999999997
BMW,6,43500.00000000003
Ford,8,31000.000000000015
Lincoln,3,38499.99999999997
Hyundai,8,14599.000000000005
Nissan,6,26998.999999999993
GMC,10,29999.99999999999
Mercedes-Benz,8,39998.99999999997
Cadillac,15,9498.999999999995
Cadillac,20,6098.999999999998
Ford,3,45999.999999999956
Acura,9,18998.000000000004
Toyota,3,41999.99999999999
Volkswagen,7,22999.999999999993
Nissan,31,5898.999999999998
Toyota,17,5199.000000000001
Honda,17,10500.000000000005
Toyota,17,13899.99999999999
Hyundai,15,10500.000000000005
BMW,21,5750.000000000002
BMW,23,28750.000000000007
Land,6,43500.00000000003
Chevrolet,16,77999.99999999994
Honda,24,17999.999999999993
Lexus,4,35999.00000000002
Volkswagen,6,27499.99999999998
Nissan,16,20000.000000000015
Lexus,27,8700.000000000004
Toyota,17,11499.999999999998
Porsche,5,54899.99999999997
Tesla,2,53899.999999999985
GMC,6,25924.999999999978
Jeep,11,10949.999999999993
Audi,7,29899.999999999996
Ford,3,86500.00000000003
Jeep,5,42433.00000000001
Lincoln,6,55459.99999999995
Tesla,8,45998.99999999999
Mercedes-Benz,9,29949.999999999996
Lexus,4,48900.0
RAM,3,46999.00000000002
Mitsubishi,10,10500.000000000005
Hyundai,12,12500.0
Ford,8,23600.00000000002
BMW,3,60499.99999999998
Hyundai,12,14999.000000000004
Honda,18,7699.999999999996
Chevrolet,16,14500.000000000004
Buick,9,18051.000000000004
BMW,10,27889.999999999978
McLaren,5,324995.00000000006
Kia,3,46119.999999999985
Chevrolet,18,38000.000000000015
Mercedes-Benz,10,45750.00000000003
Toyota,4,18500.0
Alfa,8,22999.999999999993
Land,6,40499.99999999998
Nissan,16,14999.000000000004
BMW,7,22995.000000000015
Porsche,2,73299.99999999996
BMW,12,17999.999999999993
Mercedes-Benz,7,60999.999999999956
Jeep,11,21999.999999999993
Ford,7,47995.000000000015
Dodge,21,23999.99999999999
BMW,6,51499.99999999997
Hyundai,15,3998.9999999999995
Honda,6,21499.999999999985
Cadillac,11,19500.0
Toyota,4,44775.000000000044
Jaguar,19,13980.000000000004
Ford,4,49273.000000000015
Chevrolet,4,73499.99999999997
Chevrolet,15,12000.0
Land,15,9975.000000000004
Subaru,8,19950.00000000001
Ford,3,67499.99999999996
Honda,7,17500.000000000015
RAM,3,70999.00000000004
Chevrolet,14,18500.0
Lexus,12,19500.0
Mercedes-Benz,10,19500.0
BMW,4,50000.000000000015
Chevrolet,3,47500.000000000015
Jeep,3,43000.00000000002
Land,27,9995.00000000001
Ford,8,35499.99999999999
RAM,6,37900.000000000015
Audi,3,42997.999999999985
RAM,8,29999.000000000007
Mazda,4,29255.000000000007
BMW,5,52999.000000000015
Porsche,20,29799.999999999975
Chevrolet,9,10500.000000000005
Cadillac,2,103000.00000000001
MINI,18,7900.000000000007
Jeep,3,63999.99999999997
Buick,5,21999.0
Toyota,5,36998.99999999997
Acura,22,4000.0000000000014
Land,4,68999.99999999997
BMW,11,15499.00000000001
Nissan,18,12000.0
Ford,10,14500.000000000004
Mercedes-Benz,17,16800.000000000004
Porsche,4,240000.00000000003
Hyundai,10,13995.000000000011
Audi,21,12000.0
Volvo,6,37000.00000000001
RAM,4,44899.99999999997
Chevrolet,4,49685.00000000004
Ford,11,13715.000000000002
Ford,2,44999.999999999985
Chevrolet,8,31499.999999999996
Ford,2,54489.999999999956
Chrysler,5,36799.999999999985
Tesla,2,56514.999999999956
Lamborghini,8,209990.99999999988
RAM,4,50926.99999999997
Toyota,5,27350.000000000022
BMW,9,23994.999999999993
GMC,7,44499.99999999997
Honda,11,18987.000000000004
Maserati,8,28699.999999999996
Hyundai,3,31999.000000000007
BMW,11,20900.000000000015
Mercedes-Benz,14,9900.000000000004
GMC,11,22988.999999999985
Dodge,7,155699.99999999994
BMW,2,74994.99999999999
Dodge,5,29500.000000000007
Ferrari,6,319899.99999999994
Ford,3,31000.000000000015
Honda,10,17500.000000000015
Ford,7,62899.99999999995
Volkswagen,15,6000.000000000005
Mazda,4,26288.000000000015
Jeep,16,15500.00000000001
Ford,9,28999.00000000001
Tesla,3,46499.999999999985
BMW,9,16994.999999999993
Kia,4,15699.999999999996
Tesla,11,28449.99999999999
Jeep,28,5500.000000000004
Tesla,5,29899.999999999996
Ferrari,7,197498.99999999997
BMW,4,70999.99999999994
Mazda,3,35619.0
Ford,11,40999.00000000003
Jeep,13,21999.999999999993
RAM,4,46499.999999999985
RAM,5,46105.00000000002
GMC,9,35499.99999999999
Ford,9,26500.000000000004
Chevrolet,19,35000.00000000001
BMW,21,9000.0
Subaru,8,21495.000000000015
Lexus,21,7349.999999999995
RAM,3,45998.99999999999
Ford,3,46552.0
Jeep,3,68362.00000000001
Volkswagen,17,9850.000000000002
Mercedes-Benz,9,51700.00000000003
Mazda,17,4299.999999999997
Kia,2,48000.00000000003
Chevrolet,3,63900.000000000015
Dodge,3,39985.00000000002
Mercedes-Benz,5,57999.00000000002
BMW,9,7500.0000000000055
Porsche,2,96899.99999999999
Honda,5,35644.99999999998
Mercedes-Benz,5,49998.0
Chevrolet,8,34499.99999999997
Jaguar,8,18500.0
RAM,12,42900.000000000015
BMW,13,20995.000000000004
Audi,7,49999.00000000001
Chrysler,11,15999.000000000002
GMC,3,62498.99999999995
Chrysler,10,5994.999999999995
Ford,15,2999.9999999999995
MINI,19,12500.0
Toyota,12,14199.999999999989
Toyota,14,7900.000000000007
Chevrolet,13,14500.000000000004
Mercedes-Benz,11,37500.000000000015
Ford,4,90787.99999999994
Lexus,26,3499.9999999999977
Porsche,10,23998.999999999985
Ford,21,6298.999999999996
Subaru,16,6500.000000000003
GMC,3,76739.99999999994
BMW,5,50000.000000000015
Porsche,3,89000.00000000004
Lexus,19,13995.000000000011
Ford,21,30499.99999999998
Mazda,21,17598.999999999985
GMC,4,38436.00000000001
Mercedes-Benz,9,28999.999999999996
Cadillac,31,7900.000000000007
Ford,14,8999.000000000004
Chevrolet,25,4700.000000000002
RAM,10,13999.999999999995
Jeep,19,6500.000000000003
Lexus,15,34499.99999999997
Ford,8,14999.99999999999
Porsche,20,1599000.0000000007
Cadillac,9,24499.99999999998
Tesla,5,43000.00000000002
Chevrolet,20,7200.000000000005
Ford,4,47850.0
Mercedes-Benz,2,46479.0
Jeep,9,25000.000000000007
Nissan,21,11499.999999999998
Chevrolet,9,75000.00000000004
Pontiac,18,13300.000000000011
Hyundai,7,15900.000000000004
Mercedes-Benz,13,226000.0000000002
Lincoln,7,46499.999999999985
Nissan,18,6700.0
Ford,4,34000.0
Tesla,4,42500.00000000003
Jaguar,8,25000.000000000007
Lincoln,8,18750.000000000007
Cadillac,5,50000.000000000015
Ford,13,4499.999999999999
Mercedes-Benz,13,12000.0
Jeep,11,16999.99999999999
Cadillac,31,5990.000000000002
Jeep,15,10700.000000000004
Jeep,14,16997.999999999996
Acura,6,27698.00000000001
Volkswagen,6,16999.99999999999
Chevrolet,23,21999.0
Chevrolet,9,66000.0
Porsche,13,75000.00000000004
Porsche,7,45855.00000000003
Subaru,7,21498.99999999998
BMW,18,9000.0
Jeep,12,26500.000000000004
GMC,5,69499.99999999996
BMW,4,54499.99999999998
BMW,14,16000.000000000002
Jeep,6,35900.00000000002
Toyota,9,16000.000000000002
Land,8,28999.999999999996
Mercedes-Benz,4,61999.99999999997
Ford,13,8249.999999999996
BMW,8,25999.999999999985
GMC,15,12249.999999999993
BMW,6,26989.999999999993
Porsche,7,208999.99999999988
Ford,22,35499.99999999999
Land,5,67499.99999999996
RAM,9,35000.00000000001
Ford,12,17776.99999999999
MINI,7,28900.0
RAM,6,28995.000000000007
Volvo,14,5500.000000000004
Mercedes-Benz,18,22998.999999999993
Toyota,7,29500.000000000007
GMC,9,12995.000000000005
Chevrolet,6,17815.999999999993
Jeep,4,38632.99999999998
Jeep,22,5200.000000000001
Jaguar,16,6999.999999999998
Honda,5,23739.00000000001
Subaru,6,18748.999999999985
Land,6,76000.0
Tesla,3,45899.999999999985
Lexus,6,33900.00000000001
Honda,3,36727.00000000003
Alfa,4,75000.00000000004
BMW,20,30899.999999999996
Maybach,21,64250.000000000015
Lexus,4,37998.0
Mercedes-Benz,9,21999.999999999993
Mercedes-Benz,13,13999.0
Dodge,28,6398.9999999999945
RAM,8,25307.0
Mazda,9,16769.999999999993
Porsche,6,179900.00000000006
BMW,4,38400.00000000003
Jeep,10,18900.000000000004
BMW,4,71200.00000000003
Mercedes-Benz,11,32998.99999999998
Bentley,9,98000.00000000003
Jeep,20,15900.000000000004
Tesla,8,46750.00000000002
Volkswagen,8,16499.999999999993
Jeep,5,39860.00000000001
Kia,8,15998.00000000001
Lexus,19,7390.000000000002
Mercedes-Benz,11,15500.00000000001
Tesla,9,52000.000000000044
RAM,5,43500.00000000003
MINI,17,4100.000000000004
Jeep,29,6500.000000000003
Ford,12,28999.999999999996
Lincoln,6,51998.99999999997
Jeep,5,44999.999999999985
Porsche,9,114999.99999999991
Honda,13,6500.000000000003
Jeep,13,12999.999999999995
Ford,4,82949.99999999996
Land,3,75000.00000000004
Hummer,18,7200.000000000005
Kia,11,8900.000000000002
GMC,10,24949.999999999993
Jeep,5,36499.99999999998
Ford,30,14999.99999999999
Tesla,4,67799.99999999996
Audi,11,17999.999999999993
Jeep,4,37500.000000000015
Jeep,15,18500.0
Volkswagen,9,12999.999999999995
Cadillac,9,15500.00000000001
Porsche,16,35000.00000000001
Toyota,26,8000.0000000000055
Mitsubishi,22,4200.000000000004
Chevrolet,2,82500.00000000001
Toyota,3,40000.0
Land,4,89900.00000000007
Ford,13,26500.000000000004
Tesla,5,44989.99999999996
RAM,13,17900.0
Lamborghini,12,150000.00000000006
INFINITI,3,54000.00000000001
Volkswagen,9,12000.0
Tesla,3,92500.00000000007
BMW,10,52499.99999999997
Kia,3,29429.999999999993
Chevrolet,29,18500.0
Subaru,12,22888.000000000015
Lincoln,6,26500.000000000004
Chevrolet,6,61950.00000000002
Audi,6,26999.999999999978
Mazda,7,32250.000000000007
Ford,9,31000.000000000015
Rolls-Royce,9,217000.00000000012
Chevrolet,3,51998.99999999997
BMW,9,21899.999999999993
Nissan,11,10900.000000000004
Toyota,9,39899.99999999998
INFINITI,3,57999.00000000002
Mitsubishi,19,37998.999999999985
BMW,4,39995.000000000015
Toyota,9,29949.999999999996
Lincoln,19,12998.99999999999
Ford,14,7999.0
Audi,10,20995.000000000004
Ford,4,38531.99999999998
Lincoln,8,28999.999999999996
Tesla,8,49900.000000000015
Jeep,8,22500.000000000015
GMC,12,12300.000000000004
Tesla,3,84000.00000000003
Mercedes-Benz,4,77999.99999999994
Subaru,12,16000.000000000002
Kia,7,14999.99999999999
Mercedes-Benz,14,11899.999999999996
Volkswagen,7,23998.999999999985
Acura,20,6700.0
GMC,5,27700.00000000002
Ford,5,42500.00000000003
Jeep,5,46499.999999999985
Toyota,5,41597.99999999999
Kia,3,44999.999999999985
Genesis,3,53000.00000000002
Ford,3,50000.000000000015
MINI,5,21612.000000000015
Mazda,4,26485.000000000004
BMW,22,4800.000000000003
Ford,6,34699.99999999999
Toyota,13,7949.999999999997
Chevrolet,15,4899.999999999998
Lincoln,9,22500.000000000015
Jeep,2,62499.999999999956
Bentley,18,35995.0
Lexus,7,37898.99999999998
BMW,8,20999.99999999998
Cadillac,4,104000.00000000003
Honda,17,5500.000000000004
Porsche,5,59900.00000000002
Ford,3,54000.00000000001
Cadillac,12,13599.999999999993
Lexus,11,24994.999999999978
Cadillac,4,88899.99999999996
Mercedes-Benz,9,20489.999999999993
Hyundai,12,10500.000000000005
Chevrolet,23,29999.99999999999
Mercedes-Benz,6,26900.000000000004
Kia,7,29949.999999999996
Volvo,21,8000.0000000000055
Chevrolet,10,27499.000000000022
Land,6,54995.00000000002
GMC,10,24499.99999999998
Chevrolet,5,44799.999999999985
Porsche,6,174900.00000000006
Chevrolet,3,69789.99999999997
Mercedes-Benz,6,127999.99999999997
Porsche,2,134899.99999999988
Land,14,10000.00000000001
Ford,9,38899.99999999997
Subaru,3,34998.99999999997
Lexus,17,15397.000000000007
Land,12,14999.99999999999
Cadillac,4,94994.99999999994
Nissan,5,21865.000000000015
MINI,19,5500.000000000004
Acura,12,10999.999999999993
Lexus,4,42599.00000000004
Porsche,12,76499.99999999996
MINI,3,29999.99999999999
Ford,7,46899.99999999996
BMW,10,14999.000000000004
Mazda,7,21799.999999999996
Lexus,5,32600.0
BMW,2,77897.00000000006
Mercedes-Benz,6,33997.99999999999
Porsche,19,52499.99999999997
Ford,10,31999.999999999993
BMW,6,24999.0
RAM,8,26999.999999999978
Toyota,16,17900.0
Cadillac,14,8450.000000000005
Ford,15,20000.000000000015
Dodge,21,18999.999999999985
BMW,19,10500.000000000005
Subaru,13,14999.99999999999
Ford,8,16499.999999999993
Kia,4,44315.000000000015
Tesla,3,68750.00000000003
RAM,7,37049.99999999999
Ford,8,17500.000000000015
Mercedes-Benz,6,61349.99999999995
Audi,9,20499.000000000015
Nissan,7,20998.999999999985
Mercedes-Benz,22,12500.0
Bentley,4,165000.00000000015
Jeep,4,55000.00000000004
BMW,5,103500.00000000004
Dodge,8,18650.000000000007
Lincoln,8,26500.000000000004
Toyota,10,31380.0
BMW,17,13997.999999999996
BMW,6,34499.99999999997
Ford,3,99750.00000000007
Mercedes-Benz,10,39500.00000000001
Dodge,4,32499.99999999997
Audi,13,31000.000000000015
Toyota,7,35998.0
Mercedes-Benz,4,56499.99999999996
INFINITI,7,28900.0
Porsche,23,36994.99999999999
Ford,4,51998.99999999997
Chevrolet,2,92000.00000000007
Mercedes-Benz,6,27899.999999999978
Jeep,20,9998.0
Dodge,5,67000.0
Mercedes-Benz,7,23450.00000000001
Porsche,5,134999.00000000012
Porsche,3,275000.0000000002
Cadillac,18,3498.9999999999995
Maserati,2,69645.00000000004
Mercedes-Benz,9,34499.99999999997
Chevrolet,8,16000.000000000002
Nissan,14,7500.0000000000055
Mercedes-Benz,10,23499.999999999978
GMC,1,81499.99999999997
Lexus,9,28000.00000000002
Chevrolet,5,87500.00000000007
BMW,6,27499.99999999998
Mercedes-Benz,5,33499.99999999998
Tesla,9,31299.99999999998
Chevrolet,3,80899.99999999999
Jaguar,7,32499.99999999997
Ford,4,42995.0
Ford,2,54899.99999999997
Scion,11,8900.000000000002
Mercedes-Benz,5,35499.99999999999
Chevrolet,6,49573.00000000002
BMW,23,14999.99999999999
Ford,9,64999.999999999956
BMW,11,11498.999999999996
INFINITI,12,21990.000000000015
Ford,18,6900.000000000005
BMW,4,39989.99999999999
Aston,10,80000.0
Chevrolet,16,14999.99999999999
Ford,5,38499.99999999997
Lexus,4,39997.99999999999
RAM,5,41900.00000000003
Ford,2,29999.000000000007
BMW,24,10500.000000000005
Chevrolet,3,50000.000000000015
Chevrolet,2,92000.00000000007
Pontiac,18,18999.999999999985
Cadillac,8,20997.0
Toyota,14,16600.000000000007
Lincoln,5,55999.00000000001
Toyota,6,43000.00000000002
Audi,7,26998.999999999993
Jeep,22,12500.0
Toyota,3,36499.99999999998
Chevrolet,18,14999.99999999999
Audi,6,34995.00000000002
Audi,5,39899.99999999998
Mercedes-Benz,9,24499.99999999998
Porsche,20,49999.00000000001
Chevrolet,3,85989.00000000003
GMC,4,30899.999999999996
Porsche,5,107900.0000000001
Chevrolet,18,26999.999999999978
Ford,7,42500.00000000003
Ford,4,31933.000000000022
Cadillac,13,16099.999999999989
Chevrolet,3,89900.00000000007
Toyota,9,15100.000000000013
Chevrolet,8,44599.99999999997
Chevrolet,5,18999.999999999985
Volkswagen,10,13199.999999999989
Nissan,13,5000.000000000003
Ford,7,45999.999999999956
Land,6,51899.999999999985
Kia,15,3499.9999999999977
Lexus,13,9995.00000000001
MINI,13,10998.999999999998
Bentley,7,112999.99999999993
Volvo,6,36799.999999999985
Ford,7,26900.000000000004
Porsche,3,209994.99999999985
Mercedes-Benz,9,73000.00000000003
Jeep,4,72979.99999999994
Toyota,10,11499.999999999998
Nissan,13,12500.0
Porsche,12,59499.99999999996
MINI,13,9000.0
Subaru,6,23899.999999999993
Subaru,8,32499.99999999997
Land,6,48990.00000000003
Kia,3,44989.99999999996
Chevrolet,3,92500.00000000007
Tesla,5,45998.99999999999
Nissan,8,16994.999999999993
Porsche,11,31999.999999999993
Subaru,4,34000.0
Acura,9,15450.00000000001
Ford,24,16994.999999999993
BMW,8,22999.999999999993
Mercedes-Benz,16,26999.999999999978
Audi,4,76400.00000000001
MINI,18,3600.000000000002
Ford,4,31000.000000000015
Audi,9,50000.000000000015
Mercedes-Benz,3,46798.000000000015
Volkswagen,10,35000.00000000001
Porsche,9,40999.99999999999
Jeep,3,83000.0
Tesla,7,57000.000000000044
MINI,14,10500.000000000005
RAM,3,46999.00000000002
Chevrolet,24,7500.0000000000055
Jeep,3,33497.999999999985
BMW,12,13999.999999999995
Volvo,12,7500.0000000000055
INFINITI,9,21499.999999999985
MINI,16,9249.999999999995
Porsche,11,82499.00000000003
Jeep,2,84619.99999999997
Lexus,4,44950.0
RAM,3,46598.99999999996
Jeep,5,49895.0
Chrysler,8,10000.00000000001
Ford,14,4499.999999999999
Audi,9,21990.000000000015
Chevrolet,21,10500.000000000005
Porsche,4,79998.99999999994
Honda,8,18500.0
RAM,7,36499.99999999998
Land,10,44849.999999999956
Chevrolet,7,33499.99999999998
GMC,8,53000.00000000002
Subaru,7,23999.99999999999
Subaru,11,9995.00000000001
Tesla,3,95998.99999999997
Jeep,13,29999.99999999999
Tesla,7,44999.999999999985
Mercedes-Benz,4,37998.999999999985
Porsche,12,67000.0
Mercedes-Benz,6,46899.99999999996
Buick,4,33295.00000000003
Nissan,3,59950.000000000015
Porsche,4,208999.99999999988
Chevrolet,4,72500.0
Ford,12,66400.00000000004
Ford,7,35000.00000000001
Porsche,21,12000.0
Mitsubishi,17,10000.00000000001
Lexus,18,19974.999999999996
Dodge,15,7500.0000000000055
Jeep,13,22500.000000000015
Subaru,5,28300.00000000001
Jeep,12,20999.99999999998
Subaru,4,36791.00000000003
Ford,8,40000.0
Porsche,11,35999.99999999998
BMW,5,28999.999999999996
Toyota,11,24999.0
GMC,6,42900.000000000015
Toyota,5,27671.000000000015
Subaru,5,30427.000000000022
Chevrolet,5,44899.99999999997
BMW,12,17900.0
Audi,4,52000.000000000044
Subaru,11,14749.999999999998
Ford,5,69899.99999999996
Honda,21,3989.999999999997
Lexus,4,58999.99999999997
Ford,12,7850.000000000001
Subaru,10,16000.000000000002
Ford,3,64500.000000000015
Mercedes-Benz,6,29500.000000000007
Lexus,10,17900.0
Ford,8,60999.999999999956
Porsche,19,43000.00000000002
Tesla,3,40035.99999999997
Toyota,3,38297.99999999998
BMW,8,16499.999999999993
Ford,32,21899.999999999993
Porsche,5,115998.00000000009
Porsche,7,188899.99999999988
Mercedes-Benz,20,16499.999999999993
Toyota,3,43000.00000000002
Volvo,4,44899.99999999997
Audi,9,21999.999999999993
Mercedes-Benz,11,18994.999999999993
Nissan,13,14999.99999999999
Mercedes-Benz,13,19998.999999999985
Audi,13,11199.999999999998
Lexus,7,38094.99999999997
Ford,18,5899.999999999995
Honda,14,9000.0
BMW,8,24499.99999999998
Chrysler,13,13750.000000000005
RAM,10,52499.99999999997
Acura,20,7898.999999999996
Lotus,14,50999.999999999985
Chevrolet,15,9000.0
Ford,6,34599.999999999985
Toyota,5,46199.000000000015
Honda,18,5200.000000000001
Chevrolet,9,32499.99999999997
Honda,15,9000.0
Ford,24,7500.0000000000055
RAM,4,90000.00000000001
Buick,5,32062.99999999998
Volkswagen,3,46899.99999999996
Mercedes-Benz,6,44499.99999999997
Jeep,8,23499.999999999978
Mercedes-Benz,17,17800.00000000001
Hyundai,15,6000.000000000005
Ford,3,60999.000000000044
GMC,3,32899.999999999985
Jaguar,12,27199.999999999975
Ford,4,76597.99999999994
Toyota,16,12000.0
Ford,7,51498.999999999985
Jeep,4,42700.00000000003
Ford,9,25500.0
Tesla,4,69995.00000000006
Toyota,7,34954.99999999998
Audi,23,9995.00000000001
Toyota,6,40000.0
Jeep,17,6500.000000000003
Toyota,7,48000.00000000003
Ford,5,58000.00000000003
Subaru,12,13489.999999999996
Volvo,13,10799.99999999999
Subaru,15,39899.99999999998
Chevrolet,7,17500.000000000015
Chevrolet,21,6500.000000000003
Cadillac,13,12900.0
Chrysler,21,6000.000000000005
Chevrolet,19,19500.0
Mercedes-Benz,8,56000.000000000044
Ferrari,6,315000.0000000002
Acura,10,21899.999999999993
Chevrolet,19,41999.99999999999
Lexus,1,50999.00000000001
Mercedes-Benz,17,13899.99999999999
Jeep,5,35234.000000000015
Chevrolet,13,16499.999999999993
Lexus,15,21999.999999999993
Jeep,17,15900.000000000004
RAM,8,23999.99999999999
Ford,4,44605.000000000015
Mercedes-Benz,8,215000.0
BMW,4,90000.00000000001
Chevrolet,6,34699.99999999999
Lincoln,9,25221.0
Mercedes-Benz,9,24999.0
Ford,18,40999.00000000003
Dodge,17,15500.00000000001
Jaguar,18,17999.999999999993
Honda,5,25999.999999999985
Subaru,6,21250.0
Saab,16,12949.999999999996
BMW,11,18700.00000000001
Jeep,7,35000.00000000001
Ford,10,51899.999999999985
Mazda,5,27518.00000000002
Jeep,25,13899.99999999999
Lexus,19,10999.999999999993
INFINITI,14,13500.000000000004
Hyundai,8,15598.999999999993
Chevrolet,23,5899.999999999995
Rivian,3,92500.00000000007
Land,5,67999.99999999999
BMW,5,59900.00000000002
Mercedes-Benz,11,24499.99999999998
Honda,4,28748.000000000007
Toyota,9,17999.999999999993
Subaru,3,32999.99999999999
Bentley,5,173995.00000000006
Ford,3,51499.99999999997
Chevrolet,9,29999.99999999999
Chevrolet,3,37697.99999999999
Ford,5,36750.00000000003
Lexus,8,24699.999999999993
Land,6,57999.00000000002
Ford,4,39979.00000000004
Dodge,13,33499.99999999998
Chevrolet,13,7500.0000000000055
Dodge,3,31000.000000000015
Porsche,4,116999.0
Volvo,13,15900.000000000004
Lexus,20,15500.00000000001
Porsche,10,132899.99999999997
Volvo,17,6999.999999999998
Nissan,17,28000.00000000002
Porsche,18,75499.00000000004
Land,5,70000.00000000001
Porsche,8,29500.000000000007
Lexus,18,12900.0
Porsche,10,26500.000000000004
Land,9,36994.99999999999
GMC,7,32999.99999999999
Toyota,7,35499.99999999999
Hyundai,5,31999.999999999993
GMC,10,49000.000000000015
Genesis,3,48219.00000000004
Dodge,23,8000.0000000000055
Chevrolet,8,17900.0
Audi,10,16000.000000000002
Nissan,22,2899.0
Porsche,8,97555.0
BMW,10,12999.999999999995
GMC,7,34000.0
Land,4,75500.00000000006
Porsche,2,274900.00000000006
Toyota,25,15500.00000000001
Scion,14,8000.0000000000055
Honda,24,17999.999999999993
Mazda,5,25494.999999999993
BMW,2,83500.00000000001
Porsche,19,43000.00000000002
Ford,10,32499.99999999997
Chevrolet,18,33885.00000000003
Lexus,17,11499.999999999998
Toyota,2,59499.99999999996
Mercedes-Benz,4,425000.0000000001
Audi,14,5500.000000000004
Mercedes-Benz,7,27899.999999999978
Porsche,16,130000.00000000009
Toyota,8,20000.000000000015
Jaguar,25,12500.0
Chevrolet,29,14500.000000000004
Tesla,7,28894.999999999985
Hyundai,3,27999.000000000004
Porsche,18,56000.000000000044
Lincoln,4,44340.000000000015
Ford,13,49989.99999999997
Cadillac,8,49900.000000000015
MINI,15,9649.999999999995
Dodge,3,49999.00000000001
BMW,7,33889.0
Chevrolet,15,35000.00000000001
Jaguar,7,29998.000000000025
Dodge,4,28500.0
BMW,9,31299.99999999998
Ford,3,38978.00000000003
GMC,2,92887.99999999993
INFINITI,3,63999.99999999997
Land,11,33799.999999999985
Honda,5,34998.99999999997
Pontiac,24,10999.999999999993
Toyota,9,31905.999999999993
Porsche,19,37500.000000000015
BMW,6,79949.99999999994
Nissan,25,2300.0000000000005
Pontiac,24,12850.000000000004
Chevrolet,7,43774.99999999997
BMW,7,24900.00000000001
Mercedes-Benz,7,39847.99999999998
BMW,11,24900.00000000001
Volvo,10,17900.0
Tesla,3,46499.999999999985
Ford,6,61995.00000000005
Volkswagen,2,39997.99999999999
Audi,9,15499.00000000001
Ford,5,30825.000000000015
Ford,5,40999.99999999999
Honda,22,28000.00000000002
BMW,10,25998.999999999985
Lamborghini,7,491835.99999999977
Dodge,21,3199.9999999999986
Nissan,20,6900.000000000005
Kia,4,33591.00000000002
Chevrolet,5,69998.99999999994
Chevrolet,21,5899.999999999995
Toyota,14,18994.999999999993
McLaren,7,179900.00000000006
Pontiac,28,7200.000000000005
Kia,6,34997.99999999999
Ford,8,13700.000000000002
Lamborghini,4,279991.0
Jeep,11,21499.999999999985
Land,5,54499.99999999998
Chevrolet,26,6799.999999999996
Cadillac,17,24699.999999999993
Ford,11,12598.999999999995
RAM,10,35000.00000000001
Tesla,5,35499.99999999999
Toyota,7,27950.0
Ford,6,34499.99999999997
GMC,10,16999.99999999999
Porsche,20,17500.000000000015
Dodge,11,17900.0
Land,9,37500.000000000015
Ford,19,21750.00000000001
Alfa,5,34645.000000000015
Tesla,9,35900.00000000002
Jaguar,28,6000.000000000005
Mercedes-Benz,4,38997.99999999999
Chevrolet,4,85950.00000000004
Buick,13,6000.000000000005
Audi,11,9999.00000000001
Jeep,5,50000.000000000015
Land,3,115999.00000000006
GMC,8,31999.999999999993
Ford,6,35689.999999999985
Volkswagen,5,20900.000000000015
Porsche,5,124899.99999999993
Chevrolet,4,75000.00000000004
Land,14,9500.000000000005
Lexus,3,58999.99999999997
Porsche,6,229900.00000000006
Ford,5,48148.999999999985
Toyota,17,16999.99999999999
Toyota,9,9500.000000000005
Ford,18,3850.0000000000023
GMC,17,6100.000000000004
Mercedes-Benz,10,16999.99999999999
Cadillac,9,24994.999999999978
Chrysler,13,5948.999999999998
Porsche,2,149000.0
Porsche,4,136900.0000000001
Ford,7,63499.99999999998
Ford,4,39499.00000000002
Ford,11,21499.999999999985
Mazda,5,24899.000000000007
Mercedes-Benz,9,90000.00000000001
BMW,8,52999.000000000015
Jeep,8,29500.000000000007
Jeep,5,31871.00000000001
Chevrolet,22,8900.000000000002
MINI,11,13500.000000000004
Honda,17,10999.999999999993
Porsche,8,116911.00000000004
Subaru,17,7495.000000000001
Cadillac,4,28500.0
Nissan,3,18998.999999999993
Kia,4,25500.0
GMC,9,27632.999999999978
Mercedes-Benz,5,56000.000000000044
Ford,5,32107.0
Subaru,8,7749.999999999999
INFINITI,8,28500.0
Kia,2,42500.00000000003
Pontiac,18,12900.0
Mazda,4,29995.000000000007
Ford,10,29500.000000000007
Hyundai,12,16499.999999999993
Dodge,12,4399.000000000004
Jeep,6,39899.99999999998
Chevrolet,14,16000.000000000002
Ford,2,70000.00000000001
Chevrolet,3,89000.00000000004
Tesla,7,31499.999999999996
Audi,12,10999.999999999993
Cadillac,11,21499.999999999985
Nissan,13,15995.0
Chevrolet,6,43860.00000000002
Lincoln,9,10500.000000000005
Chevrolet,9,12998.99999999999
Nissan,17,3850.0000000000023
Ford,21,9500.000000000005
Porsche,3,233999.99999999994
Dodge,24,27499.99999999998
Chevrolet,4,44791.00000000001
Nissan,3,19598.99999999998
Audi,11,21372.999999999993
Lamborghini,14,229000.00000000006
Mercedes-Benz,13,14999.99999999999
FIAT,9,15999.000000000002
Ford,7,31499.999999999996
Ford,21,9200.0
Ford,19,8500.000000000005
Kia,6,29999.99999999999
Mercedes-Benz,10,18999.999999999985
Nissan,11,9000.0
Volkswagen,6,25500.0
BMW,12,17500.000000000015
Audi,3,52000.000000000044
Nissan,8,8500.000000000005
Subaru,5,32499.99999999997
Ford,15,13999.999999999995
GMC,2,145999.99999999997
BMW,7,60499.99999999998
Acura,9,19500.0
Chevrolet,3,68990.00000000004
Jeep,26,12000.0
Ford,9,19995.00000000001
Porsche,24,35999.99999999998
Nissan,4,29724.999999999978
Pontiac,16,17500.000000000015
Mercedes-Benz,4,40999.99999999999
McLaren,5,279950.0000000002
Jeep,18,4800.000000000003
Audi,3,47000.0
BMW,7,44899.99999999997
Volkswagen,6,14980.000000000004
Porsche,3,108000.00000000001
Cadillac,6,25999.999999999985
Lexus,17,34000.0
Ford,3,45999.999999999956
Porsche,17,129000.0000000001
Buick,13,15995.0
Mazda,17,6799.999999999996
Ford,6,32300.000000000004
Mazda,4,25214.999999999993
Ford,21,8500.000000000005
Volkswagen,9,18998.999999999993
Ford,21,21999.999999999993
Hummer,17,37000.00000000001
BMW,8,28900.0
BMW,5,37998.0
Hyundai,11,7500.0000000000055
RAM,11,24850.0
Ford,2,60000.000000000015
MINI,11,15750.000000000013
Cadillac,12,18799.999999999993
Mercedes-Benz,3,61998.000000000015
Toyota,11,27999.000000000004
Audi,6,48000.00000000003
Lexus,6,34000.0
Toyota,6,39857.00000000003
FIAT,10,11499.999999999998
Ford,3,28000.00000000002
Ford,19,21999.999999999993
Jeep,2,40995.00000000002
Jeep,10,16999.99999999999
Ford,2,58999.99999999997
Jeep,15,4499.999999999999
Lexus,19,7500.0000000000055
Rolls-Royce,3,399950.0000000001
Ford,4,69995.00000000006
BMW,14,12000.0
Porsche,9,77999.99999999994
Ford,12,19794.999999999996
Lexus,7,23399.999999999993
Volkswagen,13,9000.0
Volkswagen,9,13800.000000000011
Porsche,12,65900.00000000003
Toyota,11,11799.999999999998
Ford,6,50000.000000000015
Mercedes-Benz,6,55900.000000000015
Porsche,5,112500.00000000004
Ford,14,23499.999999999978
Cadillac,6,30599.00000000001
Volkswagen,6,19289.99999999999
Jeep,20,10999.999999999993
Lincoln,23,10999.999999999993
Ford,3,71899.99999999997
Mercedes-Benz,19,15900.000000000004
Audi,12,27450.0
BMW,12,19998.999999999985
Porsche,16,79994.99999999994
Kia,5,16994.999999999993
Chevrolet,21,23499.999999999978
Hyundai,7,20900.000000000015
RAM,3,45998.99999999999
Kia,2,40199.99999999996
Ford,5,43999.99999999997
BMW,12,15999.000000000002
Mercedes-Benz,4,38499.99999999997
Audi,2,51598.00000000003
Ford,5,20999.99999999998
Audi,6,42500.00000000003
Toyota,21,4000.0000000000014
Kia,8,17238.000000000004
Ford,3,53500.000000000044
Audi,6,44869.999999999985
Chevrolet,5,79899.99999999997
Scion,11,10998.000000000005
Mercedes-Benz,8,20999.99999999998
Nissan,5,23625.0
Ford,7,29949.999999999996
Ford,14,4700.000000000002
Chevrolet,10,37000.00000000001
Ford,5,18999.999999999985
Dodge,7,35000.00000000001
Hyundai,4,23998.999999999985
GMC,6,36750.00000000003
Alfa,7,41500.000000000015
Subaru,17,14500.000000000004
GMC,4,73000.00000000003
Chevrolet,20,9000.0
Mercedes-Benz,12,26900.000000000004
Ford,3,32849.99999999998
Dodge,7,26691.000000000015
Ford,9,24349.999999999978
Lexus,9,22494.999999999993
Cadillac,6,25999.999999999985
Ford,15,38000.000000000015
Ford,10,44999.999999999985
BMW,20,5000.000000000003
Lamborghini,10,185499.99999999994
Toyota,18,7449.9999999999945
BMW,14,13598.999999999998
Chevrolet,8,37000.00000000001
Mazda,26,9000.0
Toyota,20,8500.000000000005
RAM,12,26500.000000000004
Mercedes-Benz,9,41998.99999999998
Volkswagen,4,25997.999999999993
Toyota,7,50999.999999999985
Cadillac,7,49999.00000000001
Volkswagen,7,20900.000000000015
Nissan,5,20999.99999999998
Mercedes-Benz,6,25497.999999999996
Ford,10,31000.000000000015
Toyota,9,18500.0
Toyota,2,45999.999999999956
Mercedes-Benz,12,22800.0
Tesla,5,43999.99999999997
BMW,13,12900.0
Dodge,19,4499.999999999999
Ford,9,26999.999999999978
BMW,8,20000.000000000015
Mazda,4,28991.000000000022
BMW,12,24499.99999999998
Audi,6,31000.000000000015
Audi,12,25999.999999999985
Nissan,12,58999.99999999997
Tesla,5,49994.99999999997
Toyota,25,2500.0000000000005
Tesla,4,37998.999999999985
Buick,9,14994.999999999989
Toyota,4,48499.99999999998
BMW,4,32085.00000000001
BMW,14,12000.0
Tesla,7,40999.99999999999
Lexus,13,19470.000000000007
Chevrolet,17,16999.99999999999
Subaru,20,12499.0
Volkswagen,13,9750.000000000002
Porsche,29,75000.00000000004
Audi,3,41500.000000000015
INFINITI,7,31999.999999999993
Chevrolet,23,20999.99999999998
Mazda,32,2500.0000000000005
Mercedes-Benz,17,34499.99999999997
Mercedes-Benz,9,17994.999999999996
Land,2,193063.00000000012
Mercedes-Benz,24,6500.000000000003
Ford,8,26500.000000000004
Buick,11,18900.000000000004
Porsche,5,56000.000000000044
Hyundai,18,4200.000000000004
Mazda,4,33686.99999999997
Tesla,5,68969.00000000004
Jeep,9,27499.99999999998
Toyota,21,8550.000000000002
Chevrolet,7,42949.99999999997
Jaguar,25,15400.00000000001
Mercedes-Benz,10,21999.999999999993
BMW,8,21499.999999999985
Volkswagen,7,24999.0
Nissan,13,9950.000000000007
Subaru,7,25999.999999999985
BMW,25,26900.000000000004
Mercedes-Benz,2,64999.999999999956
Volkswagen,6,32749.999999999978
MINI,9,12750.0
Nissan,8,12999.999999999995
Lexus,11,16000.000000000002
INFINITI,12,14500.000000000004
Audi,7,23750.000000000022
Nissan,10,11599.999999999993
Chevrolet,6,26989.999999999993
Dodge,25,10000.00000000001
Ford,9,15500.00000000001
Mercedes-Benz,9,34899.99999999998
Cadillac,18,9999.00000000001
Ford,13,8500.000000000005
Lexus,15,10700.000000000004
Dodge,5,40000.0
Chevrolet,2,101999.00000000003
Jeep,6,44499.99999999997
Tesla,4,35999.00000000002
Toyota,4,52589.99999999997
INFINITI,9,17500.000000000015
Porsche,3,130999.99999999997
Ford,6,33699.99999999999
BMW,3,55000.00000000004
Toyota,11,13309.999999999996
Ford,7,34995.00000000002
Toyota,12,20800.000000000007
Ford,9,16000.000000000002
Buick,4,33290.0
Audi,6,39899.99999999998
Chrysler,12,9500.000000000005
Chevrolet,14,6999.999999999998
Ford,5,46995.00000000001
Jaguar,14,12399.999999999998
Jeep,5,53000.00000000002
Ford,14,29799.999999999975
Jaguar,8,25999.999999999985
Porsche,10,84999.0
Ford,3,69998.99999999994
Suzuki,12,6900.000000000005
Ford,6,12000.0
Toyota,31,9000.0
Honda,11,14999.99999999999
Mercedes-Benz,7,60999.999999999956
BMW,10,16999.99999999999
Nissan,18,6749.9999999999945
Chevrolet,10,49000.000000000015
Ford,7,38000.000000000015
Porsche,5,89900.00000000007
Toyota,15,17900.0
Porsche,4,151900.0000000001
BMW,3,99799.99999999994
Lexus,9,21994.999999999985
Aston,22,32849.99999999998
Chevrolet,7,17899.000000000007
Porsche,10,66500.00000000006
BMW,5,59334.99999999995
Subaru,4,35999.99999999998
Volkswagen,14,3499.9999999999977
Mercedes-Benz,2,175000.00000000012
Mercedes-Benz,7,25899.999999999985
Bentley,2,349949.99999999977
Audi,3,53899.999999999985
Porsche,3,90997.99999999997
Ford,5,62999.00000000004
BMW,5,40000.0
